,연번,업종명,업소명,소재지(도로명),소재지(지번),데이터기준일자,lat,lon
0,1,유흥주점영업,로얄노래주점,"인천광역시 남동구 경인로626번길 25, 1층 (간석동)",인천광역시 남동구 간석동 277-5 1층전부 ,2023-09-11,126.707429811417,37.4646773893854
1,2,유흥주점영업,퀸비,"인천광역시 남동구 경인로626번길 25, 지하1층 (간석동)",인천광역시 남동구 간석동 277-5 지하1층 ,2023-09-11,126.707429811417,37.4646773893854
2,3,유흥주점영업,스탠드바변강쇠,"인천광역시 남동구 남동대로 923, 지하1층 (간석동)",인천광역시 남동구 간석동 276-7 지하1층전체 ,2023-09-11,126.70780100716,37.4648263435071
3,4,유흥주점영업,다국적클럽,"인천광역시 남동구 남동대로922번길 39 (간석동, 지하1층 )",인천광역시 남동구 간석동 174-24 지하1층 ,2023-09-11,126.710521792352,37.4648842171374
4,5,유흥주점영업,차차차 민속주점,"인천광역시 남동구 백범로 325-2, 지하1층 (간석동)",인천광역시 남동구 간석동 122-8 ,2023-09-11,126.713771002616,37.4639107533808
5,6,유흥주점영업,백악관카바레,"인천광역시 남동구 용천로 154 (간석동, 지하1층)",인천광역시 남동구 간석동 39-8 지하1층 ,2023-09-11,126.714744407836,37.4632101400711
6,7,유흥주점영업,아리랑,"인천광역시 남동구 남동대로 923, 3층 (간석동)",인천광역시 남동구 간석동 276-7 3층전부 ,2023-09-11,126.70780100716,37.4648263435071
7,8,유흥주점영업,대우,"인천광역시 남동구 석촌로 43, 4층 (간석동)",인천광역시 남동구 간석동 211-5 외1필지 4층전체 ,2023-09-11,126.708788468985,37.4645116260915
8,9,유흥주점영업,투페이스,"인천광역시 남동구 남동대로 920, 801호 (간석동, 대원플라자)",인천광역시 남동구 간석동 211-2 (남동대로 920) 대원플라자 801호 ,2023-09-11,126.708458309789,37.4645651428202
9,10,유흥주점영업,비밀,"인천광역시 남동구 남동대로922번길 25 (간석동, 지하1층전부)",인천광역시 남동구 간석동 174-3 지하1층전부 ,2023-09-11,126.709608848797,37.464958743119
10,11,유흥주점영업,궁전,"인천광역시 남동구 용천로153번길 44 (간석동, 지하1층일부)",인천광역시 남동구 간석동 123-11 지하1층일부 ,2023-09-11,126.712393740303,37.4643357489171
11,12,유흥주점영업,와와(WAWA)노래클럽,"인천광역시 남동구 남동대로922번길 14, 3층 일부호 (간석동)",인천광역시 남동구 간석동 176-5 3층일부 ,2023-09-11,126.709020620976,37.4646051820392
12,13,유흥주점영업,큐브,"인천광역시 남동구 남동대로 924, 1층 13호 (간석동)",인천광역시 남동구 간석동 213-8 1층일부 ,2023-09-11,126.708491685298,37.464906797462
13,14,유흥주점영업,루이스,"인천광역시 남동구 석촌로 41 (간석동, 지하1층)",인천광역시 남동구 간석동 211-7 지하1층 ,2023-09-11,126.708787384354,37.4642958318802
14,15,유흥주점영업,밤꽃,"인천광역시 남동구 석촌로 49 (간석동, 지하1층전부)",인천광역시 남동구 간석동 213-14 지하1층전부 ,2023-09-11,126.70876257483,37.4650384720205
15,16,유흥주점영업,명동노래타운,"인천광역시 남동구 남동대로922번길 39, 1층 (간석동)",인천광역시 남동구 간석동 174-24 1층전체 ,2023-09-11,126.710521792352,37.4648842171374
16,17,유흥주점영업,플레이 노래클럽,"인천광역시 남동구 남동대로922번길 37, 1층 일부호 (간석동)",인천광역시 남동구 간석동 174-21 1층일부 ,2023-09-11,126.710348483644,37.4649197426988
17,18,유흥주점영업,도깨비,"인천광역시 남동구 석촌로 52 (간석동, 3층)",인천광역시 남동구 간석동 173-28 3층 ,2023-09-11,126.708997468062,37.4652417775867
18,19,유흥주점영업,놀이터,"인천광역시 남동구 석촌로 52, 2층 (간석동)",인천광역시 남동구 간석동 173-28 2층 ,2023-09-11,126.708997468062,37.4652417775867
19,20,유흥주점영업,준코뮤직타운 인천간석점,"인천광역시 남동구 석촌로 41 (간석동, 7층전부)",인천광역시 남동구 간석동 211-7 7층전부 ,2023-09-11,126.708787384354,37.4642958318802
20,21,유흥주점영업,누리노래주점,"인천광역시 남동구 용천로153번길 49, 지하1층 (간석동)",인천광역시 남동구 간석동 169-13 지하1층 ,2023-09-11,126.711946488905,37.464327901978
21,22,유흥주점영업,나비룸크럽,"인천광역시 남동구 석촌로 41, 4층 (간석동)",인천광역시 남동구 간석동 211-7 4층 ,2023-09-11,126.708787384354,37.4642958318802
22,23,유흥주점영업,로마,"인천광역시 남동구 석촌로 52, 지하1층 (간석동)",인천광역시 남동구 간석동 173-28 (두리길 16) 지하1층전체 ,2023-09-11,126.708997468062,37.4652417775867
23,24,유흥주점영업,나인투나인노래타운주점,"인천광역시 남동구 인하로 497-24, 조한빌딩 7층 701호 (구월동)",인천광역시 남동구 구월동 1473 조한빌딩 7층 701호 ,2023-09-11,126.702215378573,37.4444867888562
24,25,유흥주점영업,첫사랑,인천광역시 남동구 남동대로921번길 15 (간석동),인천광역시 남동구 간석동 314-1 ,2023-09-11,126.707132055569,37.4646243032264
25,26,유흥주점영업,태평양,"인천광역시 남동구 남동대로921번길 15, 1층 5호 (간석동)",인천광역시 남동구 간석동 314-1 1층 5호 ,2023-09-11,126.707132055569,37.4646243032264
26,27,유흥주점영업,짱노래짱주점,"인천광역시 남동구 경인로 637, 지하1층 (간석동)",인천광역시 남동구 간석동 239-5 (경인로 637) 지하1층일부 ,2023-09-11,126.707377148356,37.4667335400912
27,28,유흥주점영업,커플,"인천광역시 남동구 남동대로921번길 15 (간석동,(수정길 14-1) 5호)",인천광역시 남동구 간석동 314-1 (수정길 14-1) 5호 ,2023-09-11,126.707132055569,37.4646243032264
28,29,유흥주점영업,드링코노래타운(주점),"인천광역시 남동구 인하로 497-24 (구월동, 6층)",인천광역시 남동구 구월동 1473 6층 ,2023-09-11,126.702215378573,37.4444867888562
29,30,유흥주점영업,사이공(sai gon)간석베트남노래클럽,"인천광역시 남동구 석촌로 41, 3층 (간석동)",인천광역시 남동구 간석동 211-7 3층전부 ,2023-09-11,126.708787384354,37.4642958318802
30,31,유흥주점영업,앗싸노래타운,"인천광역시 남동구 남동대로922번길 24, 지하1층 (간석동)",인천광역시 남동구 간석동 175-3 지하1층 ,2023-09-11,126.709618920389,37.4646343147191
31,32,유흥주점영업,티파니타운,"인천광역시 남동구 석촌로 43, 5층 (간석동)",인천광역시 남동구 간석동 211-5 5층 ,2023-09-11,126.708788468985,37.4645116260915
32,33,유흥주점영업,실크로드,"인천광역시 남동구 석촌로46번길 31-1, 1층 (간석동)",인천광역시 남동구 간석동 168-2 1층 ,2023-09-11,126.710701554074,37.4644646972915
33,34,유흥주점영업,여우노래클럽,"인천광역시 남동구 남동대로922번길 14, 지하1층 (간석동)",인천광역시 남동구 간석동 176-5 지하1층전부 ,2023-09-11,126.709020620976,37.4646051820392
34,35,유흥주점영업,이지크럽,"인천광역시 남동구 경인로644번길 119, 지하1층 1호 (간석동)",인천광역시 남동구 간석동 51-13 지하1층 1호 ,2023-09-11,126.714131511601,37.4648797598043
35,36,유흥주점영업,설탕,"인천광역시 남동구 남동대로922번길 18, 1층 (간석동)",인천광역시 남동구 간석동 176-6 (남동대로922번길 18)외1필지(175-5) 1층전부 ,2023-09-11,126.709306201011,37.4645627265905
36,37,유흥주점영업,수국노래타운,"인천광역시 남동구 용천로153번길 31 (간석동, 지하1층)",인천광역시 남동구 간석동 125-8 지하1층 ,2023-09-11,126.712807210444,37.4638369650104
37,38,유흥주점영업,제우스,"인천광역시 남동구 석촌로 47, 지하1층 (간석동)",인천광역시 남동구 간석동 213-15 지하1층전부 ,2023-09-11,126.708775700902,37.4648309120277
38,39,유흥주점영업,쮸쮸빵빵,인천광역시 남동구 남동대로915번길 36 (간석동),인천광역시 남동구 간석동 318-2 ,2023-09-11,126.706077908422,37.4647043084494
39,40,유흥주점영업,다국적,"인천광역시 남동구 남동대로922번길 17, 지하1층 (간석동)",인천광역시 남동구 간석동 174-18 지하1층 전부 ,2023-09-11,126.709280470255,37.4648439581374
40,41,유흥주점영업,썬샤인,"인천광역시 남동구 남동대로 927, 1층 (간석동)",인천광역시 남동구 간석동 275-2 1층일부 ,2023-09-11,126.707702126132,37.4652262367905
41,42,유흥주점영업,명월관,"인천광역시 남동구 남동대로915번길 36, 1층 일부호 (간석동)",인천광역시 남동구 간석동 318-2 1층일부 ,2023-09-11,126.706077908422,37.4647043084494
42,43,유흥주점영업,앵콜노래클럽,"인천광역시 남동구 석촌로46번길 31-1, 지하1층 (간석동)",인천광역시 남동구 간석동 168-2 지하1층 ,2023-09-11,126.710701554074,37.4644646972915
43,44,유흥주점영업,윈저주점노래클럽,"인천광역시 남동구 용천로153번길 24, 2층 (간석동)",인천광역시 남동구 간석동 123-3 2층 ,2023-09-11,126.713227829138,37.463951063084
44,45,유흥주점영업,마블노래클럽,"인천광역시 남동구 남동대로916번길 3, 지하1층 (간석동)",인천광역시 남동구 간석동 211-3 지하1층 ,2023-09-11,126.708477256329,37.4643725539461
45,46,유흥주점영업,에이클럽,인천광역시 남동구 경인로 620-1 (간석동),인천광역시 남동구 간석동 316-5 ,2023-09-11,126.706751448533,37.4652937996736
46,47,유흥주점영업,도다가,"인천광역시 남동구 남동대로922번길 45, 지하1층 (간석동)",인천광역시 남동구 간석동 174-26 지하1층 ,2023-09-11,126.710832994742,37.4648807443313
47,48,유흥주점영업,대림,인천광역시 남동구 석촌로46번길 51 (간석동),인천광역시 남동구 간석동 169-15 ,2023-09-11,126.711896632895,37.4641236118889
48,49,유흥주점영업,손오공,"인천광역시 남동구 남동대로 920, 9층 901호 (간석동, 대원프라자)",인천광역시 남동구 간석동 211-2 대원프라자 9층 901호,2023-09-11,126.708458309789,37.4645651428202
49,50,유흥주점영업,텐프로,"인천광역시 남동구 남동대로 920, 7층 (간석동)",인천광역시 남동구 간석동 211-2 7층전부 ,2023-09-11,126.708458309789,37.4645651428202
50,51,유흥주점영업,다국적노래클럽,"인천광역시 남동구 남동대로 920, 12층 (간석동)",인천광역시 남동구 간석동 211-2 12층 ,2023-09-11,126.708458309789,37.4645651428202
51,52,유흥주점영업,오케이(O.K)노래주점,"인천광역시 남동구 남동대로922번길 8, 지하1층 (간석동)",인천광역시 남동구 간석동 211-1 지하1층 ,2023-09-11,126.708645581816,37.46457245236
52,53,유흥주점영업,소풍,"인천광역시 남동구 석촌로 44, 1층 (간석동)",인천광역시 남동구 간석동 180-2 1층전체 ,2023-09-11,126.709085834216,37.4644031562924
53,54,유흥주점영업,오아시스,"인천광역시 남동구 용천로 167, B01호 (간석동)",인천광역시 남동구 간석동 120-1 ,2023-09-11,126.714218689109,37.4644570372364
54,55,유흥주점영업,명품노래광장주점,"인천광역시 남동구 경인로 607, 2층 201호 (간석동)",인천광역시 남동구 간석동 250-3 201호,2023-09-11,126.705122020935,37.4653226316753
55,56,유흥주점영업,필노래클럽,"인천광역시 남동구 백범로 335, 지하1층 (간석동)",인천광역시 남동구 간석동 123-4 (백범로 335) 지하1층 ,2023-09-11,126.71293915671,37.4643304977396
56,57,유흥주점영업,별밤노래클럽,"인천광역시 남동구 석촌로46번길 32 (간석동,2층)",인천광역시 남동구 간석동 167-7 2층 ,2023-09-11,126.710701332187,37.4641702471496
57,58,유흥주점영업,로야,"인천광역시 남동구 석촌로 42, 지하1층 (간석동)",인천광역시 남동구 간석동 180-3 지하1층 ,2023-09-11,126.709067402315,37.4642591297524
58,59,유흥주점영업,오션라이브,"인천광역시 남동구 남동대로921번길 15, 지하1층 (간석동)",인천광역시 남동구 간석동 314-1 외1필지 지하1층일부 ,2023-09-11,126.707132055569,37.4646243032264
59,60,유흥주점영업,글램(GY GLAM BRILLIANT) 인천구월점,"인천광역시 남동구 인하로507번길 23-1, 지하1층 (구월동, 뉴욕빌딩)",인천광역시 남동구 구월동 1473-1 뉴욕빌딩 지하1층 전부 ,2023-09-11,126.702504111183,37.4444574221801
60,61,유흥주점영업,여우노래밤주점,"인천광역시 남동구 남동대로921번길 19 (간석동, 지하1층전부)",인천광역시 남동구 간석동 314-3 지하1층전부 ,2023-09-11,126.706830075559,37.4647557323642
61,62,유흥주점영업,아방궁,"인천광역시 남동구 남동대로915번길 8, 1층 (간석동)",인천광역시 남동구 간석동 277-3 1층일부 ,2023-09-11,126.707567330055,37.4644570728067
62,63,유흥주점영업,쌈바,"인천광역시 남동구 남동대로915번길 8, 1층 일부호 (간석동)",인천광역시 남동구 간석동 277-3 1층일부 ,2023-09-11,126.707567330055,37.4644570728067
63,64,유흥주점영업,주준코소주호프노래타운,"인천광역시 남동구 인하로507번길 23-1, 4층 (구월동, 뉴욕빌딩)",인천광역시 남동구 구월동 1473-1 뉴욕빌딩 4층 ,2023-09-11,126.702504111183,37.4444574221801
64,65,유흥주점영업,마이스위트궁노래와인주점,"인천광역시 남동구 인하로507번길 23-1, 301호 (구월동)",인천광역시 남동구 구월동 1473-1 301호 ,2023-09-11,126.702504111183,37.4444574221801
65,66,유흥주점영업,여시노래클럽,"인천광역시 남동구 경인로644번길 116, 지하1층 (간석동)",인천광역시 남동구 간석동 118-1 (경인로644번길116) 지하1층 일부 ,2023-09-11,126.713860434868,37.4647652162442
66,67,유흥주점영업,쉬즈룸크럽,"인천광역시 남동구 남동대로 920, 지하1층 (간석동)",인천광역시 남동구 간석동 211-2 지하1층 ,2023-09-11,126.708458309789,37.4645651428202
67,68,유흥주점영업,베트남 다국적 노래클럽,"인천광역시 남동구 남동대로922번길 17, 2층 (간석동)",인천광역시 남동구 간석동 174-18 2층 ,2023-09-11,126.709280470255,37.4648439581374
68,69,유흥주점영업,링코노래타운주점,"인천광역시 남동구 인하로507번길 23, 4층 (구월동)",인천광역시 남동구 구월동 1473-2 4층일부 ,2023-09-11,126.702781651147,37.4444292880687
69,70,유흥주점영업,세계일주노래클럽주점,"인천광역시 남동구 남동대로922번길 21, 1,2,3층 (간석동)","인천광역시 남동구 간석동 174-17 1,2,3층 ",2023-09-11,,
70,71,유흥주점영업,다국적노래클럽,"인천광역시 남동구 남동대로922번길 39 (간석동, 2층전체)",인천광역시 남동구 간석동 174-24 2층전체 ,2023-09-11,126.710521792352,37.4648842171374
71,72,유흥주점영업,포끝노래타운,"인천광역시 남동구 인하로489번길 16 (구월동, 세동빌딩 지하 1층)",인천광역시 남동구 구월동 1467 세동빌딩 지하 1층 ,2023-09-11,126.701335738382,37.4442604878045
72,73,유흥주점영업,딱다구리,"인천광역시 남동구 성말로 9, 4층 401호 (구월동)",인천광역시 남동구 구월동 1457 이노프라자4층 401호,2023-09-11,126.701700821529,37.4458068243814
73,74,유흥주점영업,씨엔엔노래클럽주점,"인천광역시 남동구 성말로 9, 3층 308-1호 (구월동, 이노프라자)",인천광역시 남동구 구월동 1457 이노프라자 308-1호,2023-09-11,126.701700821529,37.4458068243814
74,75,유흥주점영업,주준코소주호프노래타운,"인천광역시 남동구 인하로507번길 23-1, 501호 (구월동, 뉴욕빌딩)",인천광역시 남동구 구월동 1473-1 뉴욕빌딩 501호,2023-09-11,126.702504111183,37.4444574221801
75,76,유흥주점영업,10프로,"인천광역시 남동구 석촌로 49, 1, 2층 (간석동)","인천광역시 남동구 간석동 213-14 (두리길 11) 1,2층 ",2023-09-11,,
76,77,유흥주점영업,태성,"인천광역시 남동구 경인로626번길 16, 지하1층 (간석동)",인천광역시 남동구 간석동 317-1 지하1층일부 ,2023-09-11,126.706948420498,37.4650463308133
77,78,유흥주점영업,이지타운,"인천광역시 남동구 남동대로922번길 45 (간석동,2층일부)",인천광역시 남동구 간석동 174-26 2층일부 ,2023-09-11,126.710832994742,37.4648807443313
78,79,유흥주점영업,카라,"인천광역시 남동구 남동대로921번길 15 (간석동,(수정길 14-1)106호)",인천광역시 남동구 간석동 314-1 (수정길 14-1)106호 ,2023-09-11,126.707132055569,37.4646243032264
79,80,유흥주점영업,초콜렛 노래클럽,"인천광역시 남동구 남동대로922번길 37, 2층 (간석동)",인천광역시 남동구 간석동 174-21 (두리2길 23) 2층 ,2023-09-11,126.710348483644,37.4649197426988
80,81,유흥주점영업,가요톱10,"인천광역시 남동구 인하로 497-24, 지하2층 201호 (구월동, 조한빌딩)",인천광역시 남동구 구월동 1473 조한빌딩 지하2층 201호 ,2023-09-11,126.702215378573,37.4444867888562
81,82,유흥주점영업,프라다,"인천광역시 남동구 석촌로 42, 2층 (간석동)",인천광역시 남동구 간석동 180-3 2층전부 ,2023-09-11,126.709067402315,37.4642591297524
82,83,유흥주점영업,기모노,"인천광역시 남동구 남동대로922번길 22 (간석동, 2층)",인천광역시 남동구 간석동 175-4 2층 ,2023-09-11,126.709444416508,37.4646282094273
83,84,유흥주점영업,럭셔리노래주점클럽,"인천광역시 남동구 소래역로18번길 32 (논현동, 2층)",인천광역시 남동구 논현동 111-143 2층 ,2023-09-11,126.738125877731,37.3994560682337
84,85,유흥주점영업,카라노래짱,"인천광역시 남동구 앵고개로934번길 51 (논현동,흥인프라자 601호)",인천광역시 남동구 논현동 676-7 흥인프라자 601호 ,2023-09-11,126.736103539654,37.4002810500251
85,86,유흥주점영업,조코노래광장,"인천광역시 남동구 앵고개로948번길 54, 4층 402-1호 (논현동, 굿모닝타워)",인천광역시 남동구 논현동 676-6 굿모닝타워 402-1호,2023-09-11,126.736525267779,37.4004064212038
86,87,유흥주점영업,로마,"인천광역시 남동구 남동대로921번길 15, 103호 (간석동)",인천광역시 남동구 간석동 314-1 (수정길 14-1) 103호 ,2023-09-11,126.707132055569,37.4646243032264
87,88,유흥주점영업,비 노래타운,"인천광역시 남동구 인하로489번길 28, 702호 (구월동, 로데오프라자21)",인천광역시 남동구 구월동 1463-2 로데오프라자21 702호,2023-09-11,126.701480649521,37.4448481331132
88,89,유흥주점영업,메이드(MADE),"인천광역시 남동구 용천로153번길 31, 4층 (간석동)",인천광역시 남동구 간석동 125-8 4층전부 ,2023-09-11,126.712807210444,37.4638369650104
89,90,유흥주점영업,마린노래주점,"인천광역시 남동구 장도로 64 (논현동,동아씨랜드26 3층일부(307호))",인천광역시 남동구 논현동 678-4 동아씨랜드26 3층일부(307호) ,2023-09-11,126.73691020594,37.3997487236253
90,91,유흥주점영업,디퍼(Differ)7080라이브,"인천광역시 남동구 앵고개로948번길 54 (논현동,굿모닝타워 10층(1001호))",인천광역시 남동구 논현동 676-6 굿모닝타워 10층(1001호) ,2023-09-11,126.736525267779,37.4004064212038
91,92,유흥주점영업,필노래클럽주점,"인천광역시 남동구 호구포로 212, 대양프라자빌딩 403호 (논현동)",인천광역시 남동구 논현동 636-6 대양프라자빌딩 403호,2023-09-11,126.709902313721,37.4017451839826
92,93,유흥주점영업,골드노래클럽주점,"인천광역시 남동구 논현로26번길 34 (논현동, 논현시네마타워 3층 311호)",인천광역시 남동구 논현동 646-2 논현시네마타워 3층 311호 ,2023-09-11,126.708614090495,37.4022445140995
93,94,유흥주점영업,수노래클럽,"인천광역시 남동구 백범로 330-1, 2층 (간석동)",인천광역시 남동구 간석동 120-12 2층일부 ,2023-09-11,126.713839741954,37.4644408931463
94,95,유흥주점영업,광장노래크럽,"인천광역시 남동구 소래역로30번길 22, 소래광장프라자 303호 (논현동)",인천광역시 남동구 논현동 678-3 소래광장프라자 303호,2023-09-11,126.736847379776,37.4000809696941
95,96,유흥주점영업,빙고노래크럽주점,"인천광역시 남동구 소래역로 28, 304호 (논현동, 조은프라자)",인천광역시 남동구 논현동 678-1 (소래역로 28) 조은프라자 304호 ,2023-09-11,126.736028960365,37.399809290276
96,97,유흥주점영업,갯벌노래광장주점,"인천광역시 남동구 소래역로 12, 2층 219호 (논현동, 소래포구 종합어시장)",인천광역시 남동구 논현동 680-1 소래포구 종합어시장 2층 219호 ,2023-09-11,126.737174739921,37.3987370170571
97,98,유흥주점영업,사이공(Saigon)베트남노래클럽,"인천광역시 남동구 남동대로922번길 43, 지하1층 일부호 (간석동)",인천광역시 남동구 간석동 174-25 ,2023-09-11,126.710669154224,37.4648939485218
98,99,유흥주점영업,칸타타노래광장주점,"인천광역시 남동구 인주대로591번길 64, 204호 (구월동, 타원벨라움)",인천광역시 남동구 구월동 1132 ,2023-09-11,126.70316008383,37.4529868682173
99,100,유흥주점영업,명품노래짱,"인천광역시 남동구 인주대로623번길 54, 4층 (구월동)",인천광역시 남동구 구월동 1141-5 ,2023-09-11,126.706800475478,37.4523322715362
100,101,유흥주점영업,포구노래짱주점,"인천광역시 남동구 소래역로 12, 2층 208호 (논현동, 소래포구 종합어시장)",인천광역시 남동구 논현동 680-1 소래포구 종합어시장 2층 208호,2023-09-11,126.737174739921,37.3987370170571
101,102,유흥주점영업,시드니노래광장,"인천광역시 남동구 논현로26번길 34, 206호 (논현동, 주건축물제1동)",인천광역시 남동구 논현동 646-2 주건축물제1동 ,2023-09-11,126.708614090495,37.4022445140995
102,103,유흥주점영업,명품관노래주점클럽,"인천광역시 남동구 앵고개로934번길 51, 201호 (논현동, 흥인빌딩)",인천광역시 남동구 논현동 676-7 흥인빌딩 201호,2023-09-11,126.736103539654,37.4002810500251
103,104,유흥주점영업,쿨노래광장주점,"인천광역시 남동구 호구포로 212, 401호 (논현동, 대양프라자)",인천광역시 남동구 논현동 636-6 대양프라자 401호,2023-09-11,126.709902313721,37.4017451839826
104,105,유흥주점영업,칸타노래주점,"인천광역시 남동구 인주대로591번길 64, 204-1호 (구월동, 타원벨라움)",인천광역시 남동구 구월동 1132 타원벨라움 204-1호,2023-09-11,,
105,106,유흥주점영업,베트남노래클럽,"인천광역시 남동구 성말로 9, 3층 310호 (구월동, 이노프라자)",인천광역시 남동구 구월동 1457 이노프라자 310호,2023-09-11,126.701700821529,37.4458068243814
106,107,유흥주점영업,베트남노래클럽,"인천광역시 남동구 성말로 9, 3층 307호 (구월동, 이노프라자)",인천광역시 남동구 구월동 1457 이노프라자 307호,2023-09-11,126.701700821529,37.4458068243814
107,108,유흥주점영업,황진이노래광장주점,"인천광역시 남동구 앵고개로948번길 54, 3층 302호 (논현동, 굿모닝타워)",인천광역시 남동구 논현동 676-6 굿모닝타워 3층 302호 ,2023-09-11,126.736525267779,37.4004064212038
108,109,유흥주점영업,길노래짱주점,"인천광역시 남동구 인주대로623번길 62, 3층 (구월동)",인천광역시 남동구 구월동 1141-1 3층일부 ,2023-09-11,126.706826762758,37.4526914794473
109,110,유흥주점영업,스카이 노래바,"인천광역시 남동구 구월남로 148, 1403호 (구월동, 타워플러스)",인천광역시 남동구 구월동 1142-20 타워플러스 1403호,2023-09-11,126.705931332656,37.4527752111738
110,111,유흥주점영업,힐링노래타운주점,"인천광역시 남동구 예술로192번길 39, 지1층 (구월동)",인천광역시 남동구 구월동 1129-9 지1층 일부 ,2023-09-11,126.703638379249,37.451239117535
111,112,유흥주점영업,럭셔리노래타운,"인천광역시 남동구 구월남로 120, 2층 201호 (구월동, 백세빌딩)",인천광역시 남동구 구월동 1131-13 백세빌딩 201호,2023-09-11,126.702777652253,37.4530668177567
112,113,유흥주점영업,씨엔술노래타운,"인천광역시 남동구 성말로 9, 3층 308호 (구월동, 이노프라자)",인천광역시 남동구 구월동 1457 이노프라자 3층 308호 ,2023-09-11,126.701700821529,37.4458068243814
113,114,유흥주점영업,소래노래광장,"인천광역시 남동구 소래역로 20, 3층 301호 (논현동, 베스트프라자)",인천광역시 남동구 논현동 679-3 베스트프라자 3층일부 301호,2023-09-11,126.736352784158,37.399220746359
114,115,유흥주점영업,탑노래클럽,"인천광역시 남동구 호구포로 201, 2층 206-1호 (논현동, 논현두손지젤타워)","인천광역시 남동구 논현동 644-4 논현두손지젤타워, 2층일부 206-1호",2023-09-11,126.70816999414,37.4013145593452
115,116,유흥주점영업,엠노래클럽,"인천광역시 남동구 앵고개로934번길 24, 4층 401호 (논현동, 세훈프라자)",인천광역시 남동구 논현동 677-2 세훈프라자 4층 401호 ,2023-09-11,126.73505535941,37.4011766612912
116,117,유흥주점영업,궁노래클럽,"인천광역시 남동구 남동대로765번길 44, 2층 (구월동)",인천광역시 남동구 구월동 1143-8 2층 ,2023-09-11,126.705202316624,37.4510599435989
117,118,유흥주점영업,갯벌2노래타운,"인천광역시 남동구 소래역로 12, 2층 220호 (논현동, 소래어시장)",인천광역시 남동구 논현동 680-1 소래어시장 2층 220호 ,2023-09-11,126.737174739921,37.3987370170571
118,119,유흥주점영업,명품노래타운주점,"인천광역시 남동구 예술로 206, 2층 B205호 (구월동, 구월중앙프라자)",인천광역시 남동구 구월동 1131-3 구월중앙프라자 ,2023-09-11,126.701787788086,37.4524241564681
119,120,유흥주점영업,짝노래클럽,"인천광역시 남동구 소래역로46번길 28, 4층 402호 (논현동, 대영로데오)",인천광역시 남동구 논현동 676-2 대영로데오 4층 402호 ,2023-09-11,126.735957224189,37.4014888994108
120,121,유흥주점영업,럭셔리노래광장,"인천광역시 남동구 구월남로 120, 2층 202호 (구월동, 백세빌딩)",인천광역시 남동구 구월동 1131-13 백세빌딩 202호,2023-09-11,126.702777652253,37.4530668177567
121,122,유흥주점영업,LA노래타운,"인천광역시 남동구 소래역로46번길 28, 4층 403호 (논현동, 대영로데오)",인천광역시 남동구 논현동 676-2 대영로데오 4층 403호 ,2023-09-11,126.735957224189,37.4014888994108
122,123,유흥주점영업,아바노래타운,"인천광역시 남동구 소래역로 28, 2층 204호 (논현동, 조은프라자)",인천광역시 남동구 논현동 678-1 조은프라자 2층 204호 ,2023-09-11,126.736028960365,37.399809290276
123,124,유흥주점영업,황궁노래클럽주점,"인천광역시 남동구 논현로26번길 34, 2층 202호 (논현동)",인천광역시 남동구 논현동 646-2 2층 202호 ,2023-09-11,126.708614090495,37.4022445140995
124,125,유흥주점영업,바다노래타운,"인천광역시 남동구 소래역로 20, 4층 401호 (논현동, 베스트프라자)",인천광역시 남동구 논현동 679-3 베스트프라자 4층 401호 ,2023-09-11,126.736352784158,37.399220746359
125,126,유흥주점영업,쟁반노래타운주점,"인천광역시 남동구 소래역로 20, 4층 402호 (논현동, 베스트프라자)",인천광역시 남동구 논현동 679-3 베스트프라자 4층 402호 ,2023-09-11,126.736352784158,37.399220746359
126,127,유흥주점영업,메이드2,"인천광역시 남동구 성말로 9, 5층 502호 (구월동, 이노프라자)",인천광역시 남동구 구월동 1457 이노프라자 502호,2023-09-11,126.701700821529,37.4458068243814
127,128,유흥주점영업,짱노래클럽,"인천광역시 남동구 선수촌공원로23번길 10-6, 3층 301호 (구월동, 은성프라자)",인천광역시 남동구 구월동 1540-2 은성프라자 3층 301호,2023-09-11,126.709069719078,37.4412511168281
128,129,유흥주점영업,카카오,"인천광역시 남동구 앵고개로948번길 48, 2층 일부호 (논현동)",인천광역시 남동구 논현동 676-5 2층일부 ,2023-09-11,126.736349927212,37.4006810213043
129,130,유흥주점영업,보라카이,"인천광역시 남동구 앵고개로948번길 48, 2층 일부호 (논현동)",인천광역시 남동구 논현동 676-5 2층 일부 ,2023-09-11,126.736349927212,37.4006810213043
130,131,유흥주점영업,하바나노래광장주점,"인천광역시 남동구 소래역로30번길 18, 304호 (논현동, 제일타워)",인천광역시 남동구 논현동 678-2 제일타워 304호,2023-09-11,126.736497565988,37.3999638691125
131,132,유흥주점영업,하늘노래짱,"인천광역시 남동구 소래역로 12, 226호 (논현동)",인천광역시 남동구 논현동 680-1 226호,2023-09-11,126.737174739921,37.3987370170571
132,133,유흥주점영업,하늘노래짱1,"인천광역시 남동구 소래역로 12, 227호 (논현동)",인천광역시 남동구 논현동 680-1 227호,2023-09-11,126.737174739921,37.3987370170571
133,134,유흥주점영업,하늘노래짱2,"인천광역시 남동구 소래역로 12, 228호 (논현동)",인천광역시 남동구 논현동 680-1 228호,2023-09-11,126.737174739921,37.3987370170571
134,135,유흥주점영업,연예인7080라이브,"인천광역시 남동구 소래역로30번길 18, 3층 301호 (논현동, 제일타워)",인천광역시 남동구 논현동 678-2 제일타워 301호,2023-09-11,126.736497565988,37.3999638691125
135,136,유흥주점영업,라이브카페썸7080(LIVECAFE썸7080),"인천광역시 남동구 소래역로46번길 20, 203호 (논현동, 아크리아)",인천광역시 남동구 논현동 676-1 아크리아 203호,2023-09-11,126.735513355563,37.4013953727581
136,137,유흥주점영업,월노래클럽(썸),"인천광역시 남동구 소래역로46번길 20, 204호 (논현동, 아크리아)",인천광역시 남동구 논현동 676-1 아크리아 204호,2023-09-11,126.735513355563,37.4013953727581
137,138,유흥주점영업,뉴발로만,"인천광역시 남동구 경인로626번길 16, 3층 일부호 (간석동)",인천광역시 남동구 간석동 317-1 3층 일부 ,2023-09-11,126.706948420498,37.4650463308133
138,139,유흥주점영업,팰리스비즈니스클럽,"인천광역시 남동구 소래역로 36, 2층 206호 (논현동, 라마다인천호텔)",인천광역시 남동구 논현동 677-6 라마다인천호텔 206호,2023-09-11,126.735462609054,37.4003132258351
139,140,유흥주점영업,팰리스노래가왕주점,"인천광역시 남동구 소래역로 36, 2층 208호 (논현동, 라마다인천호텔)",인천광역시 남동구 논현동 677-6 라마다인천호텔 208호,2023-09-11,126.735462609054,37.4003132258351
140,141,유흥주점영업,카카오노래바주점,"인천광역시 남동구 장도로 64, 204호 (논현동)",인천광역시 남동구 논현동 678-4 204호,2023-09-11,126.73691020594,37.3997487236253
141,142,유흥주점영업,제우스노래클럽,"인천광역시 남동구 인주대로591번길 55, 2층 202호 (구월동, 건영프라자)",인천광역시 남동구 구월동 1131-16 건영프라자 202호,2023-09-11,126.702717065255,37.4526978819195
142,143,유흥주점영업,빙고노래타운,"인천광역시 남동구 인주대로591번길 60, 2층 일부호 (구월동)",인천광역시 남동구 구월동 1132-2 ,2023-09-11,126.70312578134,37.4528013541672
143,144,유흥주점영업,다국적룸클럽,"인천광역시 남동구 남동대로922번길 39, 3층 전체호 (간석동)",인천광역시 남동구 간석동 174-24 ,2023-09-11,126.710521792352,37.4648842171374
144,145,유흥주점영업,라마다엠라이브,"인천광역시 남동구 소래역로 36, 3층 307호 (논현동, 라마다인천호텔)",인천광역시 남동구 논현동 677-6 ,2023-09-11,126.735462609054,37.4003132258351
145,146,유흥주점영업,골드노래광장주점,"인천광역시 남동구 소래역로30번길 18, 1층 104호 (논현동, 제일타워)",인천광역시 남동구 논현동 678-2 ,2023-09-11,126.736497565988,37.3999638691125
146,147,유흥주점영업,구월노래주점,"인천광역시 남동구 인하로507번길 63, 3층 307호 (구월동, 모아메디컬타운)",인천광역시 남동구 구월동 1458-1 모아메디컬타운 307호 ,2023-09-11,126.702833580372,37.4461856698603
147,148,유흥주점영업,티키타카,"인천광역시 남동구 인하로 497-15, 지1층 B01호 (구월동)",인천광역시 남동구 구월동 1467-1 지하1층전체 ,2023-09-11,126.70166938455,37.4442467340469
148,149,유흥주점영업,미2노래살롱주점,"인천광역시 남동구 논현로26번길 34, 2층 209호 (논현동)",인천광역시 남동구 논현동 646-2 ,2023-09-11,126.708614090495,37.4022445140995
149,150,유흥주점영업,메카,"인천광역시 남동구 석촌로 52, 1층 (간석동)",인천광역시 남동구 간석동 173-28 ,2023-09-11,126.708997468062,37.4652417775867
150,151,유흥주점영업,샤방샤방노래짱주점,"인천광역시 남동구 소래역로30번길 22, 2층 204호 (논현동, 소래광장프라자)",인천광역시 남동구 논현동 678-3 ,2023-09-11,126.736847379776,37.4000809696941
151,152,유흥주점영업,모아노래주점바,"인천광역시 남동구 인하로507번길 63, 2층 206호 (구월동, 모아메디컬타운)",인천광역시 남동구 구월동 1458-1 모아메디컬타운 206호 ,2023-09-11,126.702833580372,37.4461856698603
152,153,유흥주점영업,슈퍼맨다국적룸클럽,"인천광역시 남동구 남동대로 924, 지하층 15호 (간석동)",인천광역시 남동구 간석동 213-8 ,2023-09-11,126.708491685298,37.464906797462
153,154,유흥주점영업,슈퍼맨다국적노래클럽,"인천광역시 남동구 남동대로 924, 지하층 18호 (간석동)",인천광역시 남동구 간석동 213-8 ,2023-09-11,126.708491685298,37.464906797462
154,155,유흥주점영업,룰랄라노래클럽주점,"인천광역시 남동구 인주대로591번길 32, 3층 303호 (구월동, 훼미리프라자)",인천광역시 남동구 구월동 1129-3 훼미리프라자 303호 ,2023-09-11,126.702972923264,37.4516155109108
155,156,유흥주점영업,아가씨노래타운주점,"인천광역시 남동구 선수촌공원로 25, 3층 303호 (구월동, 구월신세계프라자)",인천광역시 남동구 구월동 1534-2 구월신세계프라자 303호 ,2023-09-11,126.709770101169,37.4412795086433
156,157,유흥주점영업,짝,"인천광역시 남동구 선수촌공원로 27, 보미프라자 2층 203호 (구월동)",인천광역시 남동구 구월동 1534-1 보미프라자 203호 ,2023-09-11,126.709774788532,37.4415580229732
157,158,유흥주점영업,시드니노래광장주점,"인천광역시 남동구 인하로507번길 63, 모아메디컬타운 2층 205호 (구월동)",인천광역시 남동구 구월동 1458-1 모아메디컬타운 2층 205호 ,2023-09-11,126.702833580372,37.4461856698603
158,159,유흥주점영업,아레나노래타운,"인천광역시 남동구 선수촌공원로23번길 6-9, 광장프라자 3층 302호 (구월동)",인천광역시 남동구 구월동 1541-1 광장프라자 302호 ,2023-09-11,126.709379511009,37.4414993869554
159,160,유흥주점영업,미샵노래주점,"인천광역시 남동구 논현로26번길 34, 2층 207(전부)호 (논현동)",인천광역시 남동구 논현동 646-2 ,2023-09-11,126.708614090495,37.4022445140995
160,161,유흥주점영업,캔디노래클럽주점,"인천광역시 남동구 선수촌공원로23번길 12, 로자벨프라자 3층 301호 (구월동)",인천광역시 남동구 구월동 1536-3 로자벨프라자 301호 ,2023-09-11,126.708615453206,37.441222697152
161,162,유흥주점영업,가왕,"인천광역시 남동구 선수촌공원로23번길 10-10, 솔보프라자 2층 201호 (구월동)",인천광역시 남동구 구월동 1540-1 솔보프라자 201호 ,2023-09-11,126.709078104611,37.4415077456934
162,163,유흥주점영업,잠자리노래광장주점,인천광역시 남동구 선수촌공원로23번길 6-9 (상업8-1-1) 2층 203호 (구월동),인천광역시 남동구 구월동 1541-1 (상업8-1-1) ,2023-09-11,126.709379511009,37.4414993869554
163,164,유흥주점영업,큐브,"인천광역시 남동구 인하로507번길 23, 인아빌딩 지하1층 B101호 (구월동)",인천광역시 남동구 구월동 1473-2 인아빌딩 ,2023-09-11,126.702781651147,37.4444292880687
164,165,유흥주점영업,지드99(zeed99),"인천광역시 남동구 남동대로916번길 3, 7층 701호 일부호 (간석동)",인천광역시 남동구 간석동 211-3 ,2023-09-11,126.708477256329,37.4643725539461
165,166,유흥주점영업,소문난,"인천광역시 남동구 앵고개로934번길 24, 세훈프라자 2층 201호 (논현동)",인천광역시 남동구 논현동 677-2 세훈프라자 201호 ,2023-09-11,126.73505535941,37.4011766612912
166,167,유흥주점영업,홍콩,"인천광역시 남동구 앵고개로934번길 24, 세훈프라자 2층 203호 (논현동)",인천광역시 남동구 논현동 677-2 세훈프라자 203호 ,2023-09-11,126.73505535941,37.4011766612912
167,168,유흥주점영업,앵콜,"인천광역시 남동구 앵고개로934번길 24, 세훈프라자 2층 204호 (논현동)",인천광역시 남동구 논현동 677-2 세훈프라자 204호 ,2023-09-11,126.73505535941,37.4011766612912
168,169,유흥주점영업,빌리어네어 노래타운,"인천광역시 남동구 인하로 497-15, 대건빌딩 2층 202호 (구월동)",인천광역시 남동구 구월동 1467-1 대건빌딩 2층 202호 ,2023-09-11,126.70166938455,37.4442467340469
169,170,유흥주점영업,설탕노래광장,"인천광역시 남동구 앵고개로934번길 51, 흥인빌딩 4층 401호 (논현동)",인천광역시 남동구 논현동 676-7 흥인빌딩 401호 ,2023-09-11,126.736103539654,37.4002810500251
170,171,유흥주점영업,궁노래클럽주점,"인천광역시 남동구 선수촌공원로23번길 10-10, 솔보프라자 3층 302호 (구월동)",인천광역시 남동구 구월동 1540-1 솔보프라자(상업7-1-1) ,2023-09-11,126.709078104611,37.4415077456934
171,172,유흥주점영업,보스,"인천광역시 남동구 남동대로922번길 14, 4층 (간석동)",인천광역시 남동구 간석동 176-5 4층 ,2023-09-11,126.709020620976,37.4646051820392
172,173,유흥주점영업,수노래광장주점,"인천광역시 남동구 호구포로 210, 호텔리치아노 3층 301호 (논현동)",인천광역시 남동구 논현동 636-7 호텔리치아노 301호,2023-09-11,126.709753126136,37.40153812431
173,174,유흥주점영업,리치노래타운유흥주점,"인천광역시 남동구 호구포로 210, 호텔리치아노 3층 302호 (논현동)",인천광역시 남동구 논현동 636-7 호텔리치아노 302호,2023-09-11,126.709753126136,37.40153812431
174,175,유흥주점영업,불러존노래클럽주점,"인천광역시 남동구 소래역로30번길 18, 제일타워 3층 302호 (논현동)",인천광역시 남동구 논현동 678-2 제일타워 302호,2023-09-11,126.736497565988,37.3999638691125
175,176,유흥주점영업,센스노래타운,"인천광역시 남동구 선수촌공원로17번길 8, 정방빌딩 2층 203호 (구월동)",인천광역시 남동구 구월동 1542-4 정방빌딩 2층 203호 ,2023-09-11,126.709050522836,37.4407805610675
176,177,유흥주점영업,스타노래타운,"인천광역시 남동구 선수촌공원로17번길 8, 정방빌딩 2층 204호 (구월동)",인천광역시 남동구 구월동 1542-4 정방빌딩 2층 204호 ,2023-09-11,126.709050522836,37.4407805610675
177,178,유흥주점영업,글래머노래광장,"인천광역시 남동구 선수촌공원로23번길 10-6, 은성프라자 2층 202호 (구월동)",인천광역시 남동구 구월동 1540-2 은성프라자 2층 202호,2023-09-11,126.709069719078,37.4412511168281
178,179,유흥주점영업,별빛노래주점,"인천광역시 남동구 소래역로 12, 소래포구 종합어시장 3층 317호 (논현동)",인천광역시 남동구 논현동 680-1 소래포구 종합어시장 3층 317호,2023-09-11,126.737174739921,37.3987370170571
179,180,유흥주점영업,스카이노래주점,"인천광역시 남동구 소래역로 12, 소래포구 종합어시장 3층 316호 (논현동)",인천광역시 남동구 논현동 680-1 소래포구 종합어시장 3층 316호,2023-09-11,126.737174739921,37.3987370170571
180,181,유흥주점영업,에스(S)라인노래클럽,"인천광역시 남동구 경인로644번길 116, 2층 일부호 (간석동)",인천광역시 남동구 간석동 118-1 2층 일부 ,2023-09-11,126.713860434868,37.4647652162442
181,182,유흥주점영업,오슈투,"인천광역시 남동구 인하로507번길 21, 승관빌딩 지하1층 (구월동)",인천광역시 남동구 구월동 1472-2 승관빌딩 지하1층전부 ,2023-09-11,126.702769862508,37.4441527380096
182,183,유흥주점영업,반갑다 친구야,"인천광역시 남동구 남동대로921번길 15, 지하1층 B102호 (간석동)",인천광역시 남동구 간석동 314-1 B102호 ,2023-09-11,126.707132055569,37.4646243032264
183,184,유흥주점영업,샤넬노래짱,"인천광역시 남동구 남동대로777번길 28, 4층 일부호 (구월동)",인천광역시 남동구 구월동 1142-30 4층 일부 ,2023-09-11,126.706254559381,37.452111790218
184,185,유흥주점영업,소리꾼노래타운,"인천광역시 남동구 예술로192번길 31, 대건빌딩 지하1층 (구월동)",인천광역시 남동구 구월동 1129-7 대건빌딩 지하1층 ,2023-09-11,126.703236229864,37.4512776627756
185,186,유흥주점영업,만남7080,"인천광역시 남동구 장도로 64, 동아씨랜드26 2층 205호 (논현동)",인천광역시 남동구 논현동 678-4 동아씨랜드26 2층 205호 ,2023-09-11,126.73691020594,37.3997487236253
186,187,단란주점,황금,"인천광역시 남동구 호구포로 898, 지하5호 (간석동)",인천광역시 남동구 간석동 919 지하5호,2023-09-11,126.720682149785,37.4624607188865
187,188,단란주점,황제,"인천광역시 남동구 용천로153번길 56 (간석동, 지하1층)",인천광역시 남동구 간석동 170-12 지하1층 ,2023-09-11,126.711739752611,37.4646208563448
188,189,단란주점,산타나라이브,"인천광역시 남동구 백범로 260, 지하1층 (간석동)",인천광역시 남동구 간석동 921-15 지하1층전부 ,2023-09-11,126.720572963106,37.4611234532789
189,190,단란주점,백마단란주점,인천광역시 남동구 구월로276번길 70 (구월동),인천광역시 남동구 구월동 1271-6 ,2023-09-11,126.720686531082,37.4525912480486
190,191,단란주점,류라이브7080,"인천광역시 남동구 인주대로 660 (구월동, 지하1층)",인천광역시 남동구 구월동 279-6 지하1층 ,2023-09-11,126.710371054284,37.4493081839249
191,192,단란주점,이지,"인천광역시 남동구 남동대로922번길 45 (간석동, 2층)",인천광역시 남동구 간석동 174-26 2층 ,2023-09-11,126.710832994742,37.4648807443313
192,193,단란주점,VIP노래주점,"인천광역시 남동구 석정로 572, 1층 (간석동)",인천광역시 남동구 간석동 581-12 1층일부 ,2023-09-11,126.699007385454,37.4667358535249
193,194,단란주점,쎄시봉,인천광역시 남동구 호구포로 896 (간석동),인천광역시 남동구 간석동 919-8 ,2023-09-11,126.720680397514,37.4622936676645
194,195,단란주점,팬더단란주점,"인천광역시 남동구 남동대로 734, 지하1층 (구월동)",인천광역시 남동구 구월동 1191-7 지하1층 ,2023-09-11,126.707693907297,37.447793931461
195,196,단란주점,스마일,인천광역시 남동구 호구포로 865 (구월동),인천광역시 남동구 구월동 1248-51 ,2023-09-11,126.719672336775,37.459730071764
196,197,단란주점,7080라이브(Live),"인천광역시 남동구 용천로168번길 14 (간석동, 지하1층전부)",인천광역시 남동구 간석동 42-9 지하1층전부 ,2023-09-11,126.714920758704,37.4642473563912
197,198,단란주점,앗싸노래천국,"인천광역시 남동구 인주대로 524, 가동 지하1층 (구월동)",인천광역시 남동구 구월동 1121 가동 지하1층 ,2023-09-11,126.695125628906,37.4500296624384
198,199,단란주점,스타라이브,"인천광역시 남동구 남동대로922번길 24 (간석동, 2층)",인천광역시 남동구 간석동 175-3 2층 ,2023-09-11,126.709618920389,37.4646343147191
199,200,단란주점,한잔해,"인천광역시 남동구 남동대로916번길 79, 지하1층 (간석동)",인천광역시 남동구 간석동 125-3 지하1층 ,2023-09-11,126.712757127695,37.4636618673951
200,201,단란주점,칸노래주점,"인천광역시 남동구 문화로145번길 12, 지하1층 (구월동)",인천광역시 남동구 구월동 1093-10 지하1층 ,2023-09-11,126.69917339323,37.4522166054092
201,202,단란주점,음악여행라이브,"인천광역시 남동구 백범로 453-1 (간석동, 지하1층전부)",인천광역시 남동구 간석동 574-10 지하1층전부 ,2023-09-11,126.70074813011,37.4679129364256
202,203,단란주점,나가수 7080,"인천광역시 남동구 남동대로 704-1, 중앙빌딩 지하1층 일부호 (구월동)",인천광역시 남동구 구월동 1182-2 중앙빌딩 지하1층일부 ,2023-09-11,126.707330266616,37.4452049669435
203,204,단란주점,CNN단란주점,"인천광역시 남동구 경인로613번길 40, 지하1층 (간석동)",인천광역시 남동구 간석동 240-6 지하1층 ,2023-09-11,126.706224320867,37.4668919601399
204,205,단란주점,노래하는맥주광장,"인천광역시 남동구 백범로 338, 지하1층 (간석동)",인천광역시 남동구 간석동 119-5 지하1층 ,2023-09-11,126.713151656574,37.4648648613325
205,206,단란주점,콜노래하는호프,"인천광역시 남동구 복개동로 74, 지하1층 (만수동)",인천광역시 남동구 만수동 912-14 지하1층 ,2023-09-11,126.72476986502,37.4542571556073
206,207,단란주점,쌍쌍라이브,"인천광역시 남동구 호구포로 784, 지하1층 (구월동)",인천광역시 남동구 구월동 1271-22 지하1층 ,2023-09-11,126.719387837318,37.4523204813684
207,208,단란주점,팡팡노래광장주점,"인천광역시 남동구 남동대로916번길 38, 지하1층 (간석동)",인천광역시 남동구 간석동 182-12 (간석일방로 62) 지하1층 ,2023-09-11,126.710344110252,37.463797255527
208,209,단란주점,아싸가요주점,"인천광역시 남동구 백범로 447, 지하1층 (간석동)",인천광역시 남동구 간석동 574-28 지하1층전부 ,2023-09-11,126.701549624998,37.4677903540721
209,210,단란주점,심염단란주점,인천광역시 남동구 구월남로 288 (구월동),인천광역시 남동구 구월동 1274-15 ,2023-09-11,126.721590195089,37.4519886219685
210,211,단란주점,퀸가요주점,"인천광역시 남동구 남동대로 697-1, 지하1층 (구월동)",인천광역시 남동구 구월동 1167-2 지하1층 ,2023-09-11,126.706618054139,37.4447532360921
211,212,단란주점,힐링,"인천광역시 남동구 문화로 113, 2층 (구월동)",인천광역시 남동구 구월동 1347-2 2층전체 ,2023-09-11,126.69931561286,37.4492410201034
212,213,단란주점,7080가요마당,"인천광역시 남동구 남촌동로46번길 4, 지하1층 (남촌동)",인천광역시 남동구 남촌동 349-13 지하1층 ,2023-09-11,126.713847195015,37.4318652155079
213,214,단란주점,조이라이브7080,"인천광역시 남동구 구월로 353, 지하1층 (만수동)",인천광역시 남동구 만수동 885-16 지하1층전부 ,2023-09-11,126.730092651272,37.4553324438784
214,215,단란주점,쏜다,인천광역시 남동구 남동대로 696 (구월동),인천광역시 남동구 구월동 1181-26 ,2023-09-11,126.707209323543,37.4444286262256
215,216,단란주점,추억의7080,"인천광역시 남동구 구월말로 59, 지하1층 일부호 (만수동)",인천광역시 남동구 만수동 912-16 지하1층일부 ,2023-09-11,126.724781887222,37.454399903648
216,217,단란주점,우정단란주점,"인천광역시 남동구 백범로157번길 31, 지하층 102호 (만수동)",인천광역시 남동구 만수동 885-17 지하102호 ,2023-09-11,126.729934503271,37.4554037129064
217,218,단란주점,우산속,"인천광역시 남동구 남동대로 694 (구월동, 지하1층)",인천광역시 남동구 구월동 1181-30 지하1층 ,2023-09-11,126.707206069694,37.4441616484449
218,219,단란주점,미팅노래클럽,"인천광역시 남동구 석촌로46번길 32 (간석동,지하1층)",인천광역시 남동구 간석동 167-7 지하1층 ,2023-09-11,126.710701332187,37.4641702471496
219,220,단란주점,첼로,"인천광역시 남동구 백범로 334 (간석동, 지하1층)",인천광역시 남동구 간석동 118-9 지하1층 ,2023-09-11,126.713467968723,37.4646479450635
220,221,단란주점,마이웨이,"인천광역시 남동구 남동대로922번길 17 (간석동, 3층)",인천광역시 남동구 간석동 174-18 3층 ,2023-09-11,126.709280470255,37.4648439581374
221,222,단란주점,친구네노래포차,"인천광역시 남동구 백범로 325 (간석동,지하1층일부)",인천광역시 남동구 간석동 122-5 지하1층일부 ,2023-09-11,126.713907184437,37.463828370557
222,223,단란주점,7080푸른시절라이브,"인천광역시 남동구 남동대로921번길 1, 1동 2층 (간석동)",인천광역시 남동구 간석동 277-1 1동 2층 ,2023-09-11,126.707732652113,37.4646148879869
223,224,단란주점,주(酒)고래라이브7080,"인천광역시 남동구 석촌로 58, 지하1층 (간석동)",인천광역시 남동구 간석동 173-12 지하1층 ,2023-09-11,126.708975601351,37.465633932674
224,225,단란주점,이리오너라7080,"인천광역시 남동구 용천로153번길 41, 1층 일부호 (간석동)",인천광역시 남동구 간석동 125-1 1층일부 ,2023-09-11,126.712336500831,37.4641110782466
225,226,단란주점,노래하는7080,"인천광역시 남동구 백범로 343-1 (간석동, 2층)",인천광역시 남동구 간석동 170-4 2층 ,2023-09-11,126.712174468193,37.4647441828308
226,227,단란주점,참조은주점,"인천광역시 남동구 용천로153번길 41, 지하1층 (간석동, 궁전빌딩)",인천광역시 남동구 간석동 125-1 (용천로153번길 41) 궁전빌딩 지하1층 ,2023-09-11,126.712336500831,37.4641110782466
227,228,단란주점,쎄시봉,"인천광역시 남동구 남동대로922번길 16 (간석동, 지하1층)",인천광역시 남동구 간석동 176-7 지하1층 ,2023-09-11,126.709163973916,37.4645991377797
228,229,단란주점,달빛 7080,"인천광역시 남동구 남동대로921번길 1 (간석동, 2동 2층전부)",인천광역시 남동구 간석동 277-1 2동2층전부 ,2023-09-11,126.707732652113,37.4646148879869
229,230,단란주점,달빛라이브,"인천광역시 남동구 청능대로 563, 4층 402호 (논현동, 동아베스트프라자)",인천광역시 남동구 논현동 631-7 동아베스트프라자 402호,2023-09-11,126.721757047946,37.4009645604027
230,231,단란주점,향기단란주점,"인천광역시 남동구 백범로 315-1, 지하1층 (간석동)",인천광역시 남동구 간석동 39-5 지하1층 ,2023-09-11,126.714808719741,37.4634195996408
231,232,단란주점,파라다이스7080,"인천광역시 남동구 백범로 336, 지하1층 (간석동)",인천광역시 남동구 간석동 119-2 지하1층 ,2023-09-11,126.713357283729,37.4647427330332
232,233,단란주점,몽마르지,"인천광역시 남동구 백범로 325-2, 2층 (간석동)",인천광역시 남동구 간석동 122-8 2층 ,2023-09-11,126.713771002616,37.4639107533808
233,234,단란주점,동행,"인천광역시 남동구 논고개로123번길 35, A402호 (논현동, 논현동칼리오페)",인천광역시 남동구 논현동 632-1 ,2023-09-11,126.722065821029,37.4015165296659
234,235,단란주점,라이브(Live)중년,"인천광역시 남동구 청능대로 583, 4층 401호 (논현동, 중앙프라자)",인천광역시 남동구 논현동 631-9 중앙프라자 4층 401호,2023-09-11,126.723931325397,37.4013780885665
235,236,단란주점,가자단란주점,"인천광역시 남동구 논현로26번길 34, 204호 (논현동, 주건축물제1동)",인천광역시 남동구 논현동 646-2 주건축물제1동 204호,2023-09-11,126.708614090495,37.4022445140995
236,237,단란주점,썸씽7080라이브,"인천광역시 남동구 논고개로123번길 45-1, 403호 (논현동, 로얄프라자)",인천광역시 남동구 논현동 631-3 로얄프라자 403호 ,2023-09-11,126.721362249174,37.4012281697155
237,238,단란주점,별밤,"인천광역시 남동구 논현로 42 (논현동, 제일프라자 605호일부)",인천광역시 남동구 논현동 636-1 제일프라자 605호일부 ,2023-09-11,126.711073626534,37.4021282815895
238,239,단란주점,창노래타운주점,"인천광역시 남동구 논고개로123번길 17, 311-1호 (논현동, 아이플렉스)",인천광역시 남동구 논현동 632-2 ,2023-09-11,,
239,240,단란주점,별단란주점,"인천광역시 남동구 구월남로 117, 3층 302호 (구월동, 가주프라자)",인천광역시 남동구 구월동 1134-4 ,2023-09-11,126.702579480861,37.4535361058546
240,241,단란주점,원이야 놀자 라이브,"인천광역시 남동구 남동대로922번길 28, 1층 (간석동)",인천광역시 남동구 간석동 175-2 1층일부 ,2023-09-11,126.70979900445,37.4646297114559
241,242,단란주점,낭만라이브7080,"인천광역시 남동구 논고개로 117, 5층 502-2호 (논현동, 메트로타워)",인천광역시 남동구 논현동 631-10 메트로타워 5층 502-2호 ,2023-09-11,126.723860612436,37.4016891352008
242,243,단란주점,힐링라이브(7080),"인천광역시 남동구 석촌로 47, 2층 (간석동)",인천광역시 남동구 간석동 213-15 2층 ,2023-09-11,126.708775700902,37.4648309120277
243,244,단란주점,관수야놀자,"인천광역시 남동구 백범로 396 (간석동, 지하1층전부)",인천광역시 남동구 간석동 216-10 지하1층전부 ,2023-09-11,126.707427554232,37.4675191637348
244,245,단란주점,파티라이브,"인천광역시 남동구 앵고개로934번길 51, 3층 (논현동, 흥인빌딩 302호일부)",인천광역시 남동구 논현동 676-7 흥인빌딩 3층 302호일부 ,2023-09-11,126.736103539654,37.4002810500251
245,246,단란주점,썸단란주점,"인천광역시 남동구 선수촌공원로23번길 6-17, 4층 401호 (구월동, 메이채프라자)",인천광역시 남동구 구월동 1538-2 메이채프라자 4층 401호일부 ,2023-09-11,126.709352068202,37.4419041441599
246,247,단란주점,써니,"인천광역시 남동구 호구포로 221, 202호 (논현동, 남동메디칼센타)",인천광역시 남동구 논현동 647-1 남동메디칼센타 202호,2023-09-11,126.709695483947,37.4027786846099
247,248,단란주점,소래7080,"인천광역시 남동구 앵고개로948번길 54, 9층 902호 (논현동, 굿모닝타워)",인천광역시 남동구 논현동 676-6 굿모닝타워 902호,2023-09-11,126.736525267779,37.4004064212038
248,249,단란주점,해바라기,"인천광역시 남동구 용천로168번길 9, 지하1층 일부호 (간석동)",인천광역시 남동구 간석동 43-4 지하1층 일부 ,2023-09-11,126.714865719241,37.4645129310477
249,250,단란주점,망고단란주점,"인천광역시 남동구 장도로 64, 207호 (논현동, 동아씨랜드)",인천광역시 남동구 논현동 678-4 동아씨랜드 207호 ,2023-09-11,126.73691020594,37.3997487236253
250,251,단란주점,연가,"인천광역시 남동구 선수촌공원로23번길 6-9, 3층 301호 (구월동)",인천광역시 남동구 구월동 1541-1 광장프라자 301호 ,2023-09-11,126.709379511009,37.4414993869554
251,252,단란주점,썸노래타운,"인천광역시 남동구 선수촌공원로 25, 3층 304호 (구월동, 구월신세계프라자)",인천광역시 남동구 구월동 1534-2 구월신세계프라자 304호 ,2023-09-11,126.709770101169,37.4412795086433
252,253,단란주점,오선녀7080,"인천광역시 남동구 백범로 335, 4층 일부호 (간석동)",인천광역시 남동구 간석동 123-4 하람빌딩 ,2023-09-11,126.71293915671,37.4643304977396
253,254,단란주점,제우스단란주점,"인천광역시 남동구 인주대로591번길 55, 건영프라자 2층 201호 (구월동)",인천광역시 남동구 구월동 1131-16 건영프라자 201호 ,2023-09-11,126.702717065255,37.4526978819195
254,255,단란주점,아이앤디(IND)-88클럽,"인천광역시 남동구 경인로 607, 관광나이트런던 지하1층 2호 (간석동)",인천광역시 남동구 간석동 250-3 관광나이트런던 ,2023-09-11,126.705122020935,37.4653226316753
255,256,단란주점,소래왕라이브,"인천광역시 남동구 소래역로 20, 2층 201호 (논현동)",인천광역시 남동구 논현동 679-3 201호 ,2023-09-11,126.736352784158,37.399220746359
256,257,단란주점,펄라이브,"인천광역시 남동구 논고개로 120, 논현프라자 301-1호 (논현동)",인천광역시 남동구 논현동 616-1 논현프라자 301-1호,2023-09-11,126.724422143855,37.4020011164092
257,258,단란주점,놀자라이브7080,"인천광역시 남동구 선수촌공원로23번길 10-10, 솔보프라자 3층 301호 (구월동)",인천광역시 남동구 구월동 1540-1 솔보프라자(상업7-1-1) ,2023-09-11,126.709078104611,37.4415077456934
258,259,단란주점,에이스단란주점,"인천광역시 남동구 백범로 320, 지하1층 (간석동)",인천광역시 남동구 간석동 42-2 지하1층 ,2023-09-11,126.714776725227,37.4640162605106
259,260,단란주점,명품 단란주점,"인천광역시 남동구 선수촌공원로 37, 중앙프라자 3층 302호 (구월동)",인천광역시 남동구 구월동 1533-3 중앙프라자 3층 302호,2023-09-11,126.709780161232,37.4421564883151
260,261,단란주점,덤라이브,"인천광역시 남동구 선수촌공원로23번길 10-6, 은성프라자 2층 201호 (구월동)",인천광역시 남동구 구월동 1540-2 은성프라자 201호,2023-09-11,126.709069719078,37.4412511168281
261,262,단란주점,깐부라이브7080,"인천광역시 남동구 선수촌공원로23번길 10-16, 금산빌딩 3층 301호 (구월동)",인천광역시 남동구 구월동 1537-2 금산빌딩 3층 301호 ,2023-09-11,126.709064796775,37.4419095642788
262,263,단란주점,7080콘서트,"인천광역시 남동구 남동대로921번길 15, 1층 101호 (간석동)",인천광역시 남동구 간석동 314-1 1층 101호 ,2023-09-11,126.707132055569,37.4646243032264
263,264,단란주점,오늘은 라이브,"인천광역시 남동구 선수촌공원로23번길 6-21, B&S빌딩 2층 201호 (구월동)",인천광역시 남동구 구월동 1538-1 B&S빌딩 2층 201호 ,2023-09-11,126.709355015285,37.4421355312718
