,연번,상호명,영업소소재지(도로명),게임기종류,게임기수,업종명,데이터기준일자,lat,lon
0,1,아트 PC,"인천광역시 남동구 장승남로 70-11, 204,205,206호 (만수동, 현대아파트상가동)",PC,80,인터넷컴퓨터게임시설제공업,2024-02-22,,
1,2,라피에스타 PC카페(논현2호점),"인천광역시 남동구 청능대로718번길 9, B01호 (논현동, 소래마을풍림아파트 상가)",PC,60,인터넷컴퓨터게임시설제공업,2024-02-22,126.737271172168,37.4058907780201
2,3,5 STAR PC,"인천광역시 남동구 담방로48번길 16 (만수동,(3층))",PC,100,인터넷컴퓨터게임시설제공업,2024-02-22,126.739909801867,37.4437602424112
3,4,몰라 PC방,"인천광역시 남동구 문화서로 21 (구월동,(2층))",PC,38,인터넷컴퓨터게임시설제공업,2024-02-22,126.695903384492,37.4472114127787
4,5,5 STAR PC cafe,"인천광역시 남동구 백범로 322, 지하1층호 (간석동)",PC,110,인터넷컴퓨터게임시설제공업,2024-02-22,126.71456678891,37.4641431562398
5,6,3POP PC,"인천광역시 남동구 인주대로 507 (구월동,(4층))",PC,100,인터넷컴퓨터게임시설제공업,2024-02-22,126.693026226144,37.4507900869195
6,7,노블 PC방,"인천광역시 남동구 장승남로 66, 현대프라자 2층 201~202호 (만수동)",PC,256,인터넷컴퓨터게임시설제공업,2024-02-22,126.739571254289,37.4432018604165
7,8,쓰리제이 PC방,"인천광역시 남동구 만수로 107 (만수동,지층)",PC,104,인터넷컴퓨터게임시설제공업,2024-02-22,126.737730487091,37.4647402346886
8,9,라이또 PC방,"인천광역시 남동구 만수로 116, 202.203호 (만수동)",PC,51,인터넷컴퓨터게임시설제공업,2024-02-22,,
9,10,조이 PC방,"인천광역시 남동구 만수로 63, 503호 (만수동)",PC,52,인터넷컴퓨터게임시설제공업,2024-02-22,126.73479343045,37.4614226509063
10,11,하늘다리 PC,"인천광역시 남동구 남촌동로3번길 33 (남촌동,(2층))",PC,50,인터넷컴퓨터게임시설제공업,2024-02-22,126.716076950559,37.4311568993055
11,12,시즌아이 PC방(논현점),"인천광역시 남동구 논고개로 117,  501호 (논현동)",PC,65,인터넷컴퓨터게임시설제공업,2024-02-22,126.723860612436,37.4016891352008
12,13,유니드 PC,"인천광역시 남동구 구월남로 331, 201호 (만수동)",PC,59,인터넷컴퓨터게임시설제공업,2024-02-22,126.726552000753,37.4520135414072
13,14,Project PC,"인천광역시 남동구 논고개로123번길 35, 507호 (논현동,칼리오페)",PC,80,인터넷컴퓨터게임시설제공업,2024-02-22,126.722065821029,37.4015165296659
14,15,놀이터 PC방,"인천광역시 남동구 백범로 216  (만수동,나호 2층)",PC,144,인터넷컴퓨터게임시설제공업,2024-02-22,126.725317779562,37.4603780897917
15,16,놀2 PC방,"인천광역시 남동구 구월로 359 (만수동,(3층))",PC,150,인터넷컴퓨터게임시설제공업,2024-02-22,126.730864130531,37.4552718533875
16,17,졸라빨라 PC,"인천광역시 남동구 석촌로 43 (간석동,(2층))",PC,73,인터넷컴퓨터게임시설제공업,2024-02-22,126.708788468985,37.4645116260915
17,18,유니넷 PC(남촌점),"인천광역시 남동구 남촌동로35번길 3 (남촌동,(2층))",PC,50,인터넷컴퓨터게임시설제공업,2024-02-22,126.714840524936,37.431967448279
18,19,이에프씨(EFC high-end pc카페),"인천광역시 남동구 만수서로 52, 401.402호 (만수동,쓰리제이프라자)",PC,131,인터넷컴퓨터게임시설제공업,2024-02-22,,
19,20,대박골드 PC,"인천광역시 남동구 구월남로 321, 한양빌딩 2층 (구월동)",PC,8,인터넷컴퓨터게임시설제공업,2024-02-22,126.725498237882,37.4520114589815
20,21,황토 PC,"인천광역시 남동구 구월말로 16, 1층 (구월동)",PC,6,인터넷컴퓨터게임시설제공업,2024-02-22,126.724619293254,37.4503190277663
21,22,신PC,"인천광역시 남동구 남동대로 924, 1층 13호 (간석동)",PC,6,인터넷컴퓨터게임시설제공업,2024-02-22,126.708491685298,37.464906797462
22,23,Best PC & Cafe,"인천광역시 남동구 남동대로747번길 7, 2층 (구월동)",PC,71,인터넷컴퓨터게임시설제공업,2024-02-22,126.706899307919,37.4489871545544
23,24,골드 PC방,"인천광역시 남동구 남동대로916번길 23, 101호 (간석동)",PC,7,인터넷컴퓨터게임시설제공업,2024-02-22,126.709657703219,37.4642221085128
24,25,진 PC방,"인천광역시 남동구 논현로 40, 401,402호 (논현동, THE CLASS PLAZA)",PC,143,인터넷컴퓨터게임시설제공업,2024-02-22,,
25,26,탑플레이스 PC방 논현본점,"인천광역시 남동구 소래역로 50, 403,404호 (논현동, 토성프라자)",PC,80,인터넷컴퓨터게임시설제공업,2024-02-22,,
26,27,놀이터PC 2호점,"인천광역시 남동구 구월로 301, 2층 (만수동, 주건축물제1동)",PC,157,인터넷컴퓨터게임시설제공업,2024-02-22,126.72424700245,37.4558354077482
27,28,더원 PC,"인천광역시 남동구 논고개로123번길 17, 811, 812호 (논현동)",PC,194,인터넷컴퓨터게임시설제공업,2024-02-22,,
28,29,스타 PC,"인천광역시 남동구 에코중앙로156번길 5-8, 2,3층 (논현동)",PC,64,인터넷컴퓨터게임시설제공업,2024-02-22,126.726384883705,37.3913042696066
29,30,PLUS PC방,"인천광역시 남동구 소래역로 42, 4층 401~403호 (논현동)",PC,165,인터넷컴퓨터게임시설제공업,2024-02-22,126.734958326094,37.4008288308108
30,31,스위티PC방,"인천광역시 남동구 호구포로 212, 502,503호 (논현동)",PC,71,인터넷컴퓨터게임시설제공업,2024-02-22,,
31,32,그레이 PC방,"인천광역시 남동구 백범로 404, 2층 208,209호 (간석동)",PC,83,인터넷컴퓨터게임시설제공업,2024-02-22,126.70655380206,37.467709001966
32,33,레드포스PC아레나 구월동점,"인천광역시 남동구 구월남로 280, 4층 (구월동, 알파프라자)",PC,190,인터넷컴퓨터게임시설제공업,2024-02-22,126.720795696779,37.4519553024086
33,34,T앤PC cafe,"인천광역시 남동구 논고개로 309, 3층 (도림동)",PC,60,인터넷컴퓨터게임시설제공업,2024-02-22,126.728033567684,37.4179685652229
34,35,민트PC,"인천광역시 남동구 문화서로23번길 12, 2층 (구월동)",PC,47,인터넷컴퓨터게임시설제공업,2024-02-22,126.695579043407,37.4477700154268
35,36,메종드 PC,"인천광역시 남동구 남촌동로25번길 11, 2층 (남촌동)",PC,58,인터넷컴퓨터게임시설제공업,2024-02-22,126.715994357022,37.4316057661202
36,37,라피에스타 PC,"인천광역시 남동구 논고개로 61, 510~512호 (논현동, 라피에스타)",PC,231,인터넷컴퓨터게임시설제공업,2024-02-22,,
37,38,아레나 PC방,"인천광역시 남동구 구월남로 198, 2층호 (구월동, 트인프라자)",PC,226,인터넷컴퓨터게임시설제공업,2024-02-22,126.711443230735,37.4526267057924
38,39,원센스PC방,"인천광역시 남동구 용천로17번길 55, 2층호 (구월동)",PC,60,인터넷컴퓨터게임시설제공업,2024-02-22,126.710997757559,37.4510879528196
39,40,5 Star PC,"인천광역시 남동구 선수촌공원로 37, 3층 303~305호 (구월동, 중앙프라자(상업5-3,5-4))",PC,196,인터넷컴퓨터게임시설제공업,2024-02-22,126.709780161232,37.4421564883151
40,41,JoinPC,"인천광역시 남동구 구월말로 32, 1층 동쪽끝호 (구월동)",PC,6,인터넷컴퓨터게임시설제공업,2024-02-22,126.724797901783,37.4517872806133
41,42,JIN PC,"인천광역시 남동구 백범로 406, B01호 (간석동)",PC,66,인터넷컴퓨터게임시설제공업,2024-02-22,126.70609461193,37.4676850652585
42,43,제닉스 아레나 PC,"인천광역시 남동구 앵고개로847번길 72, 303호 (논현동, 논현시티)",PC,120,인터넷컴퓨터게임시설제공업,2024-02-22,126.724362176773,37.3990086939564
43,44,탐스 PC방,"인천광역시 남동구 호구포로 921, B01호 (간석동, 청산빌딩)",PC,70,인터넷컴퓨터게임시설제공업,2024-02-22,126.720547437623,37.4647627483738
44,45,꿀 PC,"인천광역시 남동구 백범로157번길 31, 102호 (만수동)",PC,9,인터넷컴퓨터게임시설제공업,2024-02-22,126.729934503271,37.4554037129064
45,46,아이센스 PC방(인천논현점),"인천광역시 남동구 논고개로123번길 17, 301~302호 (논현동, 아이플렉스)",PC,121,인터넷컴퓨터게임시설제공업,2024-02-22,,
46,47,에이스 PC,"인천광역시 남동구 문화로 69-1, 1층일부호 (구월동)",PC,6,인터넷컴퓨터게임시설제공업,2024-02-22,126.698796742499,37.4454428389641
47,48,벨류 PC,"인천광역시 남동구 예술로204번길 19, 201,202호 (구월동, 구월프라움아트)",PC,125,인터넷컴퓨터게임시설제공업,2024-02-22,,
48,49,따자PC,"인천광역시 남동구 장승남로69번길 19, 2층호 (만수동)",PC,8,인터넷컴퓨터게임시설제공업,2024-02-22,126.7399678851,37.4443809874368
49,50,리워드 PC,"인천광역시 남동구 청능대로 581, 109호 (논현동)",PC,7,인터넷컴퓨터게임시설제공업,2024-02-22,126.723589034977,37.4012767352312
50,51,희망PC,"인천광역시 남동구 하촌서로 67, 1층 일부호 (만수동)",PC,6,인터넷컴퓨터게임시설제공업,2024-02-22,126.729926748941,37.4547313612536
51,52,짱 PC클럽,"인천광역시 남동구 백범로 353, 1층 1층일부 5호 (간석동)",PC,6,인터넷컴퓨터게임시설제공업,2024-02-22,126.711315626401,37.4651540289215
52,53,골프 PC,"인천광역시 남동구 앵고개로948번길 54, 1층 101,102호 (논현동, 굿모닝타워)",PC,10,인터넷컴퓨터게임시설제공업,2024-02-22,126.736525267779,37.4004064212038
53,54,놀러와 PC,"인천광역시 남동구 복개동로 62, 1층일부호 (만수동)",PC,7,인터넷컴퓨터게임시설제공업,2024-02-22,126.725661420284,37.4532221654945
54,55,여우 PC,"인천광역시 남동구 남촌동로 23-1, 202호 (남촌동)",PC,5,인터넷컴퓨터게임시설제공업,2024-02-22,126.716278775263,37.4315973488876
55,56,대박 PC,"인천광역시 남동구 복개동로 42, 104호 (만수동)",PC,5,인터넷컴퓨터게임시설제공업,2024-02-22,126.726248765292,37.4517064056445
56,57,신대박 PC방,"인천광역시 남동구 백범로227번길 82, 116호 (만수동, 효성상아아파트상가)",PC,6,인터넷컴퓨터게임시설제공업,2024-02-22,126.723284730179,37.4565707253698
57,58,땁 PC,"인천광역시 남동구 소래역로 36, 112호 (논현동)",PC,7,인터넷컴퓨터게임시설제공업,2024-02-22,126.735462609054,37.4003132258351
58,59,맥스피드 PC방(만수점),"인천광역시 남동구 구월로 362, 401호 (만수동)",PC,90,인터넷컴퓨터게임시설제공업,2024-02-22,126.730840567778,37.4548454416127
59,60,돼지 PC,"인천광역시 남동구 인주대로591번길 64, 203호 (구월동)",PC,6,인터넷컴퓨터게임시설제공업,2024-02-22,126.70316008383,37.4529868682173
60,61,킹덤 PC,"인천광역시 남동구 석산로 159, 404호 (간석동)",PC,126,인터넷컴퓨터게임시설제공업,2024-02-22,126.70976019695,37.4607205894908
61,62,에이스 PC,"인천광역시 남동구 남촌동로 31, 101호 (남촌동)",PC,6,인터넷컴퓨터게임시설제공업,2024-02-22,126.71526562966,37.4318950404228
62,63,하이 PC 2호점,"인천광역시 남동구 인하로489번길 28, 로데오프라자21 701호 (구월동)",PC,91,인터넷컴퓨터게임시설제공업,2024-02-22,126.701480649521,37.4448481331132
63,64,대박 PC,"인천광역시 남동구 경인로 586-1, 103호 (간석동)",PC,5,인터넷컴퓨터게임시설제공업,2024-02-22,126.703076519157,37.4642040435723
64,65,놀러와 PC,"인천광역시 남동구 백범로 332-1, 1층일부호 (간석동)",PC,6,인터넷컴퓨터게임시설제공업,2024-02-22,126.713559338871,37.4645789691177
65,66,바카스 PC,"인천광역시 남동구 경인로 598, 병규빌딩 1층 102호 (간석동)",PC,7,인터넷컴퓨터게임시설제공업,2024-02-22,126.704387082503,37.4645690841873
66,67,승리 PC,"인천광역시 남동구 백범로 221, 302-1호 (만수동)",PC,10,인터넷컴퓨터게임시설제공업,2024-02-22,,
67,68,로또 PC,"인천광역시 남동구 남동대로916번길 32, 1층일부호 (간석동)",PC,6,인터넷컴퓨터게임시설제공업,2024-02-22,126.710026734004,37.4638492762694
68,69,바닐라 PC,"인천광역시 남동구 구월말로 66, 1층 왼쪽호 (만수동)",PC,6,인터넷컴퓨터게임시설제공업,2024-02-22,126.725137137912,37.454794021424
69,70,일등PC,"인천광역시 남동구 구월남로 275-1, 1층 2호 (구월동)",PC,6,인터넷컴퓨터게임시설제공업,2024-02-22,126.720373057677,37.4523381337149
70,71,아이비스 PC,"인천광역시 남동구 석정로 578, 두성빌딩 2층호 (간석동)",PC,95,인터넷컴퓨터게임시설제공업,2024-02-22,126.699495135362,37.4671064180434
71,72,스타PC,"인천광역시 남동구 복개서로 29, 명진빌딩 1층 (구월동)",PC,6,인터넷컴퓨터게임시설제공업,2024-02-22,126.726333462404,37.4502973306307
72,73,레드 PC,"인천광역시 남동구 남동대로922번길 36, 크리스탈빌딩 102호 (간석동)",PC,6,인터넷컴퓨터게임시설제공업,2024-02-22,126.710284952891,37.4646572132886
73,74,대박PC,"인천광역시 남동구 인주대로763번길 49, 104호 (구월동)",PC,7,인터넷컴퓨터게임시설제공업,2024-02-22,126.722043150888,37.4513515923437
74,75,탑 PC클럽,"인천광역시 남동구 경인로 611, 간석오피앙 1층 107호 (간석동)",PC,6,인터넷컴퓨터게임시설제공업,2024-02-22,126.705590957184,37.4654805763603
75,76,브리즈PC카페,"인천광역시 남동구 예술로 126, B101, B109, B111, B114호 (구월동)",PC,320,인터넷컴퓨터게임시설제공업,2024-02-22,126.700886698924,37.4451295490218
76,77,듀오PC방 인천서창점,"인천광역시 남동구 서창방산로 51, 3층 306,307호 (서창동)",PC,100,인터넷컴퓨터게임시설제공업,2024-02-22,126.75020066735,37.4223446114383
77,78,대박 PC,"인천광역시 남동구 남동대로916번길 28, 1층 일부호 (간석동)",PC,6,인터넷컴퓨터게임시설제공업,2024-02-22,126.709816704026,37.4638814673161
78,79,인디 PC 간석역점,"인천광역시 남동구 석정로 515, 3층 306호 (간석동)",PC,81,인터넷컴퓨터게임시설제공업,2024-02-22,126.692900337194,37.465961851883
79,80,여왕PC,"인천광역시 남동구 남동대로921번길 17, 1층 일부호 (간석동)",PC,5,인터넷컴퓨터게임시설제공업,2024-02-22,126.706978074282,37.4647469091571
80,81,스타 PC,"인천광역시 남동구 문화서로4번길 41-5, 1층 101호 (구월동)",PC,5,인터넷컴퓨터게임시설제공업,2024-02-22,126.697168766297,37.445077553681
81,82,골드 PC방,"인천광역시 남동구 용천로 9, 1층 1호 (구월동)",PC,5,인터넷컴퓨터게임시설제공업,2024-02-22,126.714016152794,37.4503225884643
82,83,별 PC,"인천광역시 남동구 소래역로 42, 소래타워 1층 103호 (논현동)",PC,7,인터넷컴퓨터게임시설제공업,2024-02-22,126.734958326094,37.4008288308108
83,84,올레 PC,"인천광역시 남동구 호구포로790번길 35, 1층 3호 (구월동)",PC,8,인터넷컴퓨터게임시설제공업,2024-02-22,126.721099209824,37.4527602611136
84,85,대박 PC,"인천광역시 남동구 남동서로236번길 30, 논현2차푸르지오시티 1층 104호 (논현동)",PC,8,인터넷컴퓨터게임시설제공업,2024-02-22,126.695111543923,37.4095689846042
85,86,아이센스리그 PC방 인천구월본점,"인천광역시 남동구 구월남로 216, 가나프라자 401~402호 (구월동)",PC,94,인터넷컴퓨터게임시설제공업,2024-02-22,126.713438146189,37.452498570595
86,87,아우디 PC,"인천광역시 남동구 논현로46번길 14, 리더스프라자 1층 103호 (논현동)",PC,7,인터넷컴퓨터게임시설제공업,2024-02-22,126.710675275788,37.401806274783
87,88,아이센스리그 PC방 인천호구포점,"인천광역시 남동구 호구포로 219, 세중프라자 2층 201~202호 (논현동)",PC,109,인터넷컴퓨터게임시설제공업,2024-02-22,126.709566372347,37.4026077147428
88,89,스타덤 PC 인천서창점,"인천광역시 남동구 장아산로 134-4, 3층 301~302호 (서창동)",PC,70,인터넷컴퓨터게임시설제공업,2024-02-22,126.749138483828,37.4391090695616
89,90,더엑스 PC 서창점,"인천광역시 남동구 서창남순환로215번길 20, 2층 202~203호 (서창동)",PC,101,인터넷컴퓨터게임시설제공업,2024-02-22,126.748009583848,37.4253061041823
90,91,모래내 PC,"인천광역시 남동구 호구포로810번길 53, 엘림빌딩 2층 202호 (구월동)",PC,9,인터넷컴퓨터게임시설제공업,2024-02-22,126.722285488061,37.4545834561112
91,92,동암PC방,"인천광역시 남동구 백범로 457, 성우네오빌 1층 103호 (간석동)",PC,7,인터넷컴퓨터게임시설제공업,2024-02-22,126.700187599972,37.467903046107
92,93,도깨비PC,"인천광역시 남동구 장승남로 66, 현대프라자 1층 108호 (만수동)",PC,7,인터넷컴퓨터게임시설제공업,2024-02-22,126.739571254289,37.4432018604165
93,94,따따 PC,"인천광역시 남동구 선수촌공원로23번길 10-10, 솔보프라자 1층 101호 (구월동)",PC,5,인터넷컴퓨터게임시설제공업,2024-02-22,126.709078104611,37.4415077456934
94,95,물라PC,"인천광역시 남동구 문화서로23번길 4, 2층 (구월동)",PC,6,인터넷컴퓨터게임시설제공업,2024-02-22,126.695913506233,37.4475585982933
95,96,더엑스PC 인천간석점,"인천광역시 남동구 백범로 349, 2층 2층호 (간석동)",PC,60,인터넷컴퓨터게임시설제공업,2024-02-22,126.711630428649,37.4649199046424
96,97,베스트피씨카페,"인천광역시 남동구 석촌로 42, 1층 1층호 (간석동)",PC,87,인터넷컴퓨터게임시설제공업,2024-02-22,126.709067402315,37.4642591297524
97,98,즐거운PC,"인천광역시 남동구 남동대로915번길 8, 102호 (간석동)",PC,7,인터넷컴퓨터게임시설제공업,2024-02-22,126.707567330055,37.4644570728067
98,99,짱PC,"인천광역시 남동구 하촌로71번길 27, 2층 (만수동)",PC,9,인터넷컴퓨터게임시설제공업,2024-02-22,126.732326389985,37.454484087211
99,100,간석PC,"인천광역시 남동구 남동대로915번길 10, 1층 (간석동)",PC,5,인터넷컴퓨터게임시설제공업,2024-02-22,126.70742193348,37.4645234776371
100,101,소래PC,"인천광역시 남동구 포구로 35, 1층 102호 (논현동, 유호엔시티1단지)",PC,10,인터넷컴퓨터게임시설제공업,2024-02-22,126.738051390363,37.4011609012461
101,102,팡팡 PC,"인천광역시 남동구 소래역로 42, 소래타워 101호 (논현동)",PC,7,인터넷컴퓨터게임시설제공업,2024-02-22,126.734958326094,37.4008288308108
102,103,브라보PC방,"인천광역시 남동구 남촌동로3번길 20, 2층 (남촌동)",PC,9,인터넷컴퓨터게임시설제공업,2024-02-22,126.71682405597,37.4313550223139
103,104,공주PC,"인천광역시 남동구 앵고개로934번길 51, 흥인빌딩 301호 (논현동)",PC,10,인터넷컴퓨터게임시설제공업,2024-02-22,126.736103539654,37.4002810500251
104,105,아시아드 PC,"인천광역시 남동구 선수촌공원로23번길 6-1, 101호 (구월동)",PC,6,인터넷컴퓨터게임시설제공업,2024-02-22,126.709375555228,37.44126583491
105,106,오다가다PC,"인천광역시 남동구 선수촌공원로23번길 10-21, 누리자타운 1층 107호 (구월동)",PC,8,인터넷컴퓨터게임시설제공업,2024-02-22,126.708607016806,37.4419995288843
106,107,1등 PC,"인천광역시 남동구 남촌동로26번길 9, 1층 (남촌동)",PC,4,인터넷컴퓨터게임시설제공업,2024-02-22,126.715700233846,37.4324475067964
107,108,우리PC,"인천광역시 남동구 문화서로23번길 3, 지하층 (구월동)",PC,8,인터넷컴퓨터게임시설제공업,2024-02-22,126.695714364319,37.4472839982663
108,109,제로플러스 PC방,"인천광역시 남동구 구월말로 31, 3층 (구월동)",PC,73,인터넷컴퓨터게임시설제공업,2024-02-22,126.724462154981,37.4517802813501
109,110,달마 PC,"인천광역시 남동구 앵고개로948번길 54, 굿모닝타워 3층 303-1호 (논현동)",PC,10,인터넷컴퓨터게임시설제공업,2024-02-22,126.736525267779,37.4004064212038
110,111,밴틀리 PC,"인천광역시 남동구 남동대로922번길 36, 크리스탈빌딩 104, 105호 (간석동)",PC,7,인터넷컴퓨터게임시설제공업,2024-02-22,126.710284952891,37.4646572132886
111,112,로데오PC크럽,"인천광역시 남동구 소래역로46번길 28, 대영로데오 401호 (논현동)",PC,9,인터넷컴퓨터게임시설제공업,2024-02-22,126.735957224189,37.4014888994108
112,113,바다PC,"인천광역시 남동구 경인로 595, 103호 (간석동)",PC,8,인터넷컴퓨터게임시설제공업,2024-02-22,126.703847176989,37.4648674077175
113,114,떳다PC방,"인천광역시 남동구 예술로346번길 21, 1층 (간석동)",PC,6,인터넷컴퓨터게임시설제공업,2024-02-22,126.703767246001,37.4653580766909
114,115,소울 PC,"인천광역시 남동구 문화로145번길 7, 인화빌딩 201호 (구월동)",PC,10,인터넷컴퓨터게임시설제공업,2024-02-22,126.699418495884,37.4519138589097
115,116,파워PC,"인천광역시 남동구 선수촌공원로 27, 107호 (구월동)",PC,9,인터넷컴퓨터게임시설제공업,2024-02-22,126.709774788532,37.4415580229732
116,117,아마존슬롯PC,"인천광역시 남동구 경인로 607, 지하층 (간석동)",PC,40,인터넷컴퓨터게임시설제공업,2024-02-22,126.705122020935,37.4653226316753
117,118,명품PC,"인천광역시 남동구 석촌로 47, 1층 (간석동)",PC,10,인터넷컴퓨터게임시설제공업,2024-02-22,126.708775700902,37.4648309120277
118,119,욜로PC방 인천서창점,"인천광역시 남동구 서창남로 35, 4층 402,403,404호 (서창동)",PC,100,인터넷컴퓨터게임시설제공업,2024-02-22,126.750600737542,37.4228450693378
119,120,땡구PC,"인천광역시 남동구 앵고개로934번길 51, 흥인빌딩 205호 (논현동)",PC,9,인터넷컴퓨터게임시설제공업,2024-02-22,126.736103539654,37.4002810500251
120,121,우리PC,"인천광역시 남동구 모래내로 27, 2층 (구월동)",PC,10,인터넷컴퓨터게임시설제공업,2024-02-22,126.722344558522,37.4541355224735
121,122,황금PC,"인천광역시 남동구 호구포로 201, 논현두손지젤타워 115호 (논현동)",PC,9,인터넷컴퓨터게임시설제공업,2024-02-22,126.70816999414,37.4013145593452
122,123,돼지PC,"인천광역시 남동구 장아산로 134-4, 3호 (서창동)",PC,6,인터넷컴퓨터게임시설제공업,2024-02-22,126.749138483828,37.4391090695616
123,124,원탑PC,"인천광역시 남동구 서창남순환로216번길 17, 스카이플러스 122호 (서창동)",PC,6,인터넷컴퓨터게임시설제공업,2024-02-22,126.749433684454,37.4235351220547
124,125,카카오PC방,"인천광역시 남동구 앵고개로948번길 54, 굿모닝타워 108호 (논현동)",PC,8,인터넷컴퓨터게임시설제공업,2024-02-22,126.736525267779,37.4004064212038
125,126,물라PC 카지노게임장슬롯홀덤,"인천광역시 남동구 백범로 411, 2층 (간석동)",PC,28,인터넷컴퓨터게임시설제공업,2024-02-22,126.705401468293,37.4672764440386
126,127,뉴욕PC클럽,"인천광역시 남동구 포구로 17, 2층 (논현동)",PC,9,인터넷컴퓨터게임시설제공업,2024-02-22,126.738790099138,37.4006180498059
127,128,욜로PC방 인천논현점,"인천광역시 남동구 논고개로123번길 35, 칼리오페 A308호 (논현동)",PC,91,인터넷컴퓨터게임시설제공업,2024-02-22,126.722065821029,37.4015165296659
128,129,고래PC,"인천광역시 남동구 석산로183번길 75, 101호 (간석동)",PC,6,인터넷컴퓨터게임시설제공업,2024-02-22,126.712096533553,37.464109412641
129,130,에이스PC,"인천광역시 남동구 용천로153번길 68, 동명뉴캐슬 101호 (간석동)",PC,6,인터넷컴퓨터게임시설제공업,2024-02-22,126.711143736394,37.4649676407301
130,131,마카오PC,"인천광역시 남동구 남동서로236번길 30, 논현2차푸르지오시티 126호 (논현동)",PC,8,인터넷컴퓨터게임시설제공업,2024-02-22,126.695111543923,37.4095689846042
131,132,에이스 PC,"인천광역시 남동구 구월남로 331, 103호 (만수동)",PC,25,인터넷컴퓨터게임시설제공업,2024-02-22,126.726552000753,37.4520135414072
132,133,로얄PC,"인천광역시 남동구 하촌로19번길 5, 202호 (만수동)",PC,7,인터넷컴퓨터게임시설제공업,2024-02-22,126.730773158389,37.4499400051426
133,134,카지노 PC,"인천광역시 남동구 호구포로 212, 대양프라자빌딩 107호 (논현동)",PC,9,인터넷컴퓨터게임시설제공업,2024-02-22,126.709902313721,37.4017451839826
134,135,홈런 PC,"인천광역시 남동구 앵고개로847번길 80-9, 뉴가산시티 106호 (논현동)",PC,5,인터넷컴퓨터게임시설제공업,2024-02-22,126.723502793099,37.3992971759603
135,136,럭셔리 PC,"인천광역시 남동구 문화서로4번길 47-2, 1층 (구월동)",PC,8,인터넷컴퓨터게임시설제공업,2024-02-22,126.697727593454,37.4447660629818
136,137,땁 PC,"인천광역시 남동구 선수촌공원로23번길 10-21, 누리자타운 119호 (구월동)",PC,6,인터넷컴퓨터게임시설제공업,2024-02-22,126.708607016806,37.4419995288843
137,138,로또 PC,"인천광역시 남동구 경원대로 952, 1층 1호 (간석동)",PC,6,인터넷컴퓨터게임시설제공업,2024-02-22,126.69050849,37.4676260800678
138,139,제우스PC존,"인천광역시 남동구 구월말로 21, 102호 (구월동)",PC,5,인터넷컴퓨터게임시설제공업,2024-02-22,126.724374148203,37.4509396132455
139,140,보물섬 PC,"인천광역시 남동구 문화로115번길 53, 1층일부호 (구월동)",PC,4,인터넷컴퓨터게임시설제공업,2024-02-22,126.696450448552,37.449536795956
140,141,대림PC게임랜드,"인천광역시 남동구 남동대로922번길 24, 3층 (간석동)",PC,80,인터넷컴퓨터게임시설제공업,2024-02-22,126.709618920389,37.4646343147191
141,142,에이스 PC,"인천광역시 남동구 하촌서로 10, 1층 일부호 (만수동)",PC,6,인터넷컴퓨터게임시설제공업,2024-02-22,126.729751564788,37.4495171716452
142,143,판도라 PC,"인천광역시 남동구 남동대로922번길 32, 1층 101호 (간석동, 대준 블루온)",PC,6,인터넷컴퓨터게임시설제공업,2024-02-22,126.709957256572,37.4645707235222
143,144,행운 PC,"인천광역시 남동구 구월말로 64, 1층 일부호 (만수동)",PC,6,인터넷컴퓨터게임시설제공업,2024-02-22,126.725107920699,37.4545627542179
144,145,제우스 PC,"인천광역시 남동구 문화서로4번길 37, 2층 (구월동)",PC,8,인터넷컴퓨터게임시설제공업,2024-02-22,126.697145577403,37.4449429732894
145,146,통큰 PC,"인천광역시 남동구 인주대로522번길 49-22, 1층 (구월동)",PC,6,인터넷컴퓨터게임시설제공업,2024-02-22,126.695638978163,37.4492666583744
146,147,747PC 카페,"인천광역시 남동구 논고개로 61, 라피에스타 165,167,169호 (논현동)",PC,6,인터넷컴퓨터게임시설제공업,2024-02-22,126.727520375664,37.3975373516636
147,148,싹쓰리 PC,"인천광역시 남동구 장승남로 70-11, 현대아파트상가 106호 (만수동)",PC,5,인터넷컴퓨터게임시설제공업,2024-02-22,126.74028329514,37.4428737467444
148,149,아지트 PC,"인천광역시 남동구 백범로 325, 2층 (간석동)",PC,9,인터넷컴퓨터게임시설제공업,2024-02-22,126.713907184437,37.463828370557
149,150,보스PC,"인천광역시 남동구 서창남순환로216번길 35, 청수타워 106호 (서창동)",PC,8,인터넷컴퓨터게임시설제공업,2024-02-22,126.749853064529,37.4229179135167
150,151,챔프PC방,"인천광역시 남동구 하촌서로 14, 1층 일부호 (만수동)",PC,4,인터넷컴퓨터게임시설제공업,2024-02-22,126.729763178734,37.4498386789907
151,152,떳다 PC,"인천광역시 남동구 남동대로 924, 1층 9호 (간석동)",PC,5,인터넷컴퓨터게임시설제공업,2024-02-22,126.708491685298,37.464906797462
152,153,로또PC,"인천광역시 남동구 논고개로 305, 1층 (도림동)",PC,8,인터넷컴퓨터게임시설제공업,2024-02-22,126.727762004872,37.4175921264125
153,154,모모 PC,"인천광역시 남동구 소래역로30번길 18, 제일타워 109호 (논현동)",PC,8,인터넷컴퓨터게임시설제공업,2024-02-22,126.736497565988,37.3999638691125
154,155,금은 PC,"인천광역시 남동구 논현로26번길 12, 부티크 646 109호 (논현동)",PC,7,인터넷컴퓨터게임시설제공업,2024-02-22,126.708860079634,37.4026237277989
155,156,소래보스PC,"인천광역시 남동구 포구로 14, 104호 (논현동)",PC,6,인터넷컴퓨터게임시설제공업,2024-02-22,126.739288483745,37.400395246563
156,157,컴온PC게임랜드,"인천광역시 남동구 하촌서로47번길 42, 영광약국 2층 (만수동)",PC,24,인터넷컴퓨터게임시설제공업,2024-02-22,126.727636216472,37.4532170922774
157,158,올리브 PC,"인천광역시 남동구 앵고개로934번길 24, 세훈프라자 107호 (논현동)",PC,8,인터넷컴퓨터게임시설제공업,2024-02-22,126.73505535941,37.4011766612912
158,159,마카오 PC,"인천광역시 남동구 선수촌공원로17번길 1, 구월테크노밸리 A동 102호 (구월동)",PC,6,인터넷컴퓨터게임시설제공업,2024-02-22,126.709647489089,37.4402282669533
159,160,퍼펙트 PC,"인천광역시 남동구 인주대로522번길 59-27, 1층 (구월동)",PC,7,인터넷컴퓨터게임시설제공업,2024-02-22,126.695781641865,37.4492563937577
160,161,조은 PC,"인천광역시 남동구 소래역로 28, 조은프라자 113호 (논현동)",PC,8,인터넷컴퓨터게임시설제공업,2024-02-22,126.736028960365,37.399809290276
161,162,놀러와 PC,"인천광역시 남동구 소래역로 50, 토성프라자 103호 (논현동)",PC,6,인터넷컴퓨터게임시설제공업,2024-02-22,126.73421947366,37.4015958313533
162,163,하나 PC,"인천광역시 남동구 문화서로28번길 4, 1층 (구월동)",PC,6,인터넷컴퓨터게임시설제공업,2024-02-22,126.696388642028,37.4476044198406
163,164,아지트 PC,"인천광역시 남동구 백범로227번길 89-2, 1층 일부호 (만수동)",PC,6,인터넷컴퓨터게임시설제공업,2024-02-22,126.723597046959,37.4561013993019
164,165,로얄 PC,"인천광역시 남동구 문화서로46번길 1, 1층일부호 (구월동)",PC,5,인터넷컴퓨터게임시설제공업,2024-02-22,126.696427278556,37.4493975303186
165,166,하이 PC방 인천구월본점,"인천광역시 남동구 인하로507번길 23, 8층 801호 (구월동, 인아빌딩)",PC,90,복합유통게임제공업,2024-02-22,126.702781651147,37.4444292880687
166,167,이에프씨(EFC high-end pc카페),"인천광역시 남동구 만수서로 52, 401.402호 (만수동,쓰리제이프라자)",PC,131,복합유통게임제공업,2024-02-22,,
167,168,아트 PC,"인천광역시 남동구 장승남로 70-11, 204,205,206호 (만수동, 현대아파트상가)",PC,80,복합유통게임제공업,2024-02-22,,
168,169,나인티 PC카페,"인천광역시 남동구 구월로 368 (만수동,3층)",PC,174,복합유통게임제공업,2024-02-22,126.731741505978,37.4547693724706
169,170,5 Star PC,"인천광역시 남동구 선수촌공원로 37, 303~305호 (구월동, 중앙프라자(상업5-3,5-4))",PC,196,복합유통게임제공업,2024-02-22,,
170,171,루카 PC(LUCA PC&CAFE),"인천광역시 남동구 구월로 308, 2층호 (만수동)",PC,104,복합유통게임제공업,2024-02-22,126.724820721825,37.4553374952874
171,172,브리즈PC카페,"인천광역시 남동구 예술로 126, B101, B109, B111, B114호 (구월동)",PC,320,복합유통게임제공업,2024-02-22,126.700886698924,37.4451295490218
172,173,긱스타PC방,"인천광역시 남동구 인하로 497-23, 반도프라자 7층 701호 (구월동)",PC,102,복합유통게임제공업,2024-02-22,126.701707672992,37.4445365058531
173,174,욜로PC방 인천논현점,"인천광역시 남동구 논고개로123번길 35, 칼리오페 A308호 (논현동)",PC,91,복합유통게임제공업,2024-02-22,126.722065821029,37.4015165296659
174,175,크라우드PC 인천모래내시장역점,"인천광역시 남동구 구월로 272, 파크빌딩 지하층 (구월동)",PC,86,복합유통게임제공업,2024-02-22,126.720703880668,37.4555847156665
175,176,펄스(PULSE)PC 구월점,"인천광역시 남동구 인하로507번길 21, 승관빌딩 5층 (구월동)",PC,117,복합유통게임제공업,2024-02-22,126.702769862508,37.4441527380096
176,177,베스트피씨카페 간석점,"인천광역시 남동구 남동대로916번길 3, 2층 (간석동)",PC,158,복합유통게임제공업,2024-02-22,126.708477256329,37.4643725539461
